,0,1,2
0,"'LOS LAURELES, 004575 (1)'",4.616598834108527,-74.20181380310078
1,"'LA MAGDALENA, 006524 (2)'",4.661552938502674,-74.15749604278075
2,"'EL UVAL RURAL, 102502 (3)'",4.476004493068393,-74.10495677402959
3,"'PALO BLANCO, 005501 (4)'",4.684434095238096,-74.09450723809523
4,"'POTRERILLO, 009240 (5)'",4.7358949047619046,-74.09528980952379
5,"'BANCO CENTRAL, 007208 (6)'",4.642251399999998,-74.07043966666667
6,"'HOYA TEUSACA, 101201 (7)'",4.620229428085685,-74.01843838592316
7,"'LA ESTANZUELA, 004104 (8)'",4.60039352631579,-74.08781289473683
8,"'LAS NIEVES, 003102 (9)'",4.6081954102564096,-74.0686245128205
9,"'ARBORIZADORA ALTA, 002568 (10)'",4.563047883994127,-74.16400923201175
10,"'BARCELONA SUR, 001424 (11)'",4.564542977011494,-74.10467110344828
11,"'LA CAPUCHINA, 003108 (12)'",4.60579861111111,-74.07652083333335
12,"'SAN JOAQUIN, 005509 (13)'",4.677976652173913,-74.099073
13,"'BOLIVIA, 005622 (14)'",4.71822508,-74.1135954
14,"'JIMENEZ DE QUESADA II SECTOR, 004586 (15)'",4.608105523809524,-74.1885059047619
15,"'RAIZAL, 103205 (16)'",4.186514311111111,-74.14204549629629
16,"'LA REQUILINA RURAL, 102122 (17)'",4.469872232947233,-74.11395062162163
17,"'CIUDAD BACHUE II, 005682 (18)'",4.717809703703704,-74.1028925925926
18,"'LA UNION URBANO, 209106 (19)'",3.985924698412699,-74.36375623809523
19,"'LAS PALMAS, 103107 (20)'",4.150022080633007,-74.16095154220045
20,"'LOS RIOS, 103108 (21)'",4.095789332662192,-74.14316377527962
21,"'BARRANCAS, 008507 (22)'",4.7312690625,-74.0283463125
22,"'QUINTA RAMOS, 001206 (23)'",4.578771937500001,-74.08877259375
23,"'EL MIRADOR, 002570 (24)'",4.556109926717557,-74.15636269618321
24,"'PARAMO I, 108109 (25)'",4.669165011320755,-74.03329802515724
25,"'PASQUILLITA, 104102 (26)'",4.426090484421365,-74.15353011795253
26,"'SIERRA MORENA II, 002444 (27)'",4.576720386491558,-74.16877312195122
27,"'TIBAQUE URBANO, 001116 (28)'",4.564756405864853,-74.07139251593709
28,"'CHAPINERO OCCIDENTAL, 007203 (29)'",4.644922833333333,-74.06734277777778
29,"'LOMBARDIA, 009228 (30)'",4.747349413793102,-74.10148148275862
30,"'QUIBA ALTO, 104114 (31)'",4.498289543902438,-74.17026549695122
31,"'LA CANDELARIA, 009141 (32)'",4.804951,-74.07608775
32,"'BARRANCAS ORIENTAL RURAL, 108103 (33)'",4.732783883809524,-74.01471430857141
33,"'ALTOS DEL ZUQUE, 001331 (34)'",4.541137784081287,-74.07926692209993
34,"'LA SABANA, 004102 (35)'",4.608409714285715,-74.08742671428571
35,"'SIBERIA, 101502 (36)'",4.627529295176386,-74.05085588336932
36,"'MOCHUELO ALTO RURAL, 104131 (37)'",4.481097990388816,-74.14433404193971
37,"'JARDIN BOTANICO, 005506 (38)'",4.6620516428571435,-74.10072404761905
38,"'ONCE DE NOVIEMBRE, 007405 (39)'",4.668288499999999,-74.0708293125
39,"'LOS ANDES, 102114 (40)'",4.340731934221146,-74.17153161824051
40,"'CIUDAD LONDRES, 001349 (41)'",4.516953882352942,-74.08820323529412
41,"'OLARTE, 102707 (42)'",4.4423975477406685,-74.13063782750491
42,"'CATALINA II, 004540 (43)'",4.6068185999999995,-74.17002417500001
43,"'SENA, 002106 (44)'",4.597169052631579,-74.10997905263157
44,"'SAN RAFAEL INDUSTRIAL, 004301 (45)'",4.625419307692307,-74.1110913076923
45,"'BAQUERO, 007306 (46)'",4.652164733333334,-74.06848973333332
46,"'PAULO VI, 005113 (47)'",4.651553217391305,-74.08847091304348
47,"'SAN FRANCISCO, 004206 (48)'",4.62191616,-74.10906986
48,"'QUIBA BAJO, 104110 (49)'",4.529021740506328,-74.16691761573237
49,"'BARRANCAS ORIENTAL, 208103 (50)'",4.743289785714286,-74.01645414285714
50,"'LOS ARRAYANES, 102111 (51)'",4.339411009490334,-74.14752329630932
51,"'TUNA RURAL, 107106 (52)'",4.779990112015019,-74.10967113329161
52,"'CIUDAD BERNA, 001202 (53)'",4.584843842105264,-74.091905
53,"'LAS MARGARITAS, 008530 (54)'",4.733300184210527,-74.04453155263157
54,"'LA ESMERALDA, 005111 (55)'",4.645732478260869,-74.08894604347826
55,"'PASQUILLA URBANA, 204104 (56)'",4.444525294573643,-74.15596634883721
56,"'BUENOS AIRES, 001102 (57)'",4.5794455196261685,-74.08136091588784
57,"'ANTIGUO COUNTRY, 008314 (58)'",4.671290333333333,-74.05711966666667
58,"'SEGUNDO CONTADOR, 008424 (59)'",4.712819888888889,-74.02852938888888
59,"'CORREDOR FERREO DEL SUR, 004572 (60)'",4.607709703703703,-74.13545601851851
60,"'CLUB DE LOS LAGARTOS, 009121 (61)'",4.708379098807495,-74.08864011243611
61,"'PORCIUNCULA, 008306 (62)'",4.658613171428571,-74.05701994285714
62,"'CIUDAD KENNEDY SUR, 004507 (63)'",4.6191026216216216,-74.15829854054054
63,"'MODELIA OCCIDENTAL, 006312 (64)'",4.6686274615384615,-74.12654096153845
64,"'KASANDRA, 006532 (65)'",4.692545074074075,-74.17045325925926
65,"'VILLEMAR, 006406 (66)'",4.672191963636363,-74.13962654545455
66,"'SAN JUAN, 109104 (67)'",4.025222760193783,-74.31371074444893
67,"'EL PROGRESO, 004111 (68)'",4.599840470588235,-74.09265729411764
68,"'GRAN AMERICA, 006202 (69)'",4.626669567567568,-74.08397186486486
69,"'SANTA MARIA, 005602 (70)'",4.6938148850574715,-74.09329696551724
70,"'PASADENA, 009125 (71)'",4.691865745283018,-74.06338600943397
71,"'SEVILLA, 001201 (72)'",4.588876714285713,-74.09066557142857
72,"'DELMONTE, 009246 (73)'",4.7587138125,-74.07387446875
73,"'LAS MERCEDES I, 009243 (74)'",4.758462619718309,-74.09110745070426
74,"'EL CARMEN FONTIBON, 006408 (75)'",4.676535734693878,-74.15121901020407
75,"'VELODROMO, 001114 (76)'",4.574049329787234,-74.08771648936171
76,"'NUEVA DELHI, 001323 (77)'",4.53029971875,-74.08799638541667
77,"'CORDOBA, 001303 (78)'",4.564213290322581,-74.09075487096776
78,"'GUACAMAYAS II, 001352 (79)'",4.554175435897436,-74.09825582051283
79,"'TINTALITO, 004617 (80)'",4.6293783,-74.17026584999999
80,"'SANTA ROSA ALTA, 103101 (81)'",4.238761325024925,-74.18938237088733
81,"'EL TABACO, 103203 (82)'",4.256186830515638,-74.16058949281488
82,"'EL ISTMO, 103202 (83)'",4.21632097190518,-74.17541715452151
83,"'SAUCEDAL, 004560 (84)'",4.634841300000001,-74.16151776666666
84,"'EL VERGEL, 006528 (85)'",4.6553644375,-74.13552403125
85,"'GRAN YOMASA, 002506 (86)'",4.508337137931035,-74.1118134137931
86,"'PEPINITOS, 102405 (87)'",4.498796941520467,-74.09492607602338
87,"'BOCHICA, 005632 (88)'",4.71120127027027,-74.106345
88,"'EL CHARCO, 205402 (89)'",4.6975746478260865,-74.17068335652174
89,"'EL SALITRE, 005110 (90)'",4.653221869565217,-74.09955195652175
90,"'PENALISA, 103206 (91)'",4.180702984578885,-74.13148371767497
91,"'TUNAL BAJO, 109114 (92)'",3.9746984859511745,-74.3526344117918
92,"'SANTA TERESITA, 007102 (93)'",4.6312140416666665,-74.07096016666667
93,"'SAN BERNARDINO RURAL, 105317 (94)'",4.639367703703704,-74.20412203703702
94,"'SAMORE, 002406 (95)'",4.581876063829786,-74.13265214893617
95,"'PRADO PINZON, 009105 (96)'",4.728547549295776,-74.05471170422535
96,"'EL REMANSO, 205320 (97)'",4.6164853937007875,-74.20533253543307
97,"'CIUDAD KENNEDY CENTRAL, 004511 (98)'",4.6211305094339625,-74.15322973584905
98,"'SIBERIA RURAL, 201502 (99)'",4.63137367647059,-74.05695782352939
99,"'CAPELLANIA, 006302 (100)'",4.660155733333332,-74.12240146666666
100,"'ESCUELA DE CABALLERIA II, 008419 (101)'",4.680559599999999,-74.03754213333333
101,"'CENTRO USME URBANO, 002599 (102)'",4.474270055776892,-74.12413923107569
102,"'CURUBITAL, 102911 (103)'",4.342992894578313,-74.13823565210843
103,"'ESTACION CENTRAL, 006204 (104)'",4.618928111111111,-74.09149825925925
104,"'LAS VIOLETAS RURAL, 102118 (105)'",4.493228706403941,-74.07553984827587
105,"'TIMIZA, 004512 (106)'",4.615972115384615,-74.1516855576923
106,"'LA AURORA, 007407 (107)'",4.6669074,-74.067621
107,"'PUEBLO VIEJO, 005673 (108)'",4.709264500000001,-74.154357
108,"'GUACAMAYAS IV, 001353 (109)'",4.556964156862745,-74.10088866666666
109,"'VOTO NACIONAL, 004103 (110)'",4.603025384615385,-74.08411146153846
110,"'LA RIVIERA, 005670 (111)'",4.714456463829787,-74.13250802553189
111,"'PARAMO IV, 208101 (112)'",4.672466339622641,-74.01913264150944
112,"'COSTA AZUL, 009208 (113)'",4.738994129032258,-74.09700193548389
113,"'EL VERGEL ORIENTAL, 006529 (114)'",4.647962340909091,-74.14307629545455
114,"'PROVIVIENDA ORIENTAL, 004503 (115)'",4.614616914893617,-74.13084406382978
115,"'LA UNION, 102115 (116)'",4.32666621430607,-74.17350881989171
116,"'TEJAR, 004408 (117)'",4.606473181818182,-74.1294060909091
117,"'PASQUILLA, 104104 (118)'",4.444555160784314,-74.16380822875817
118,"'ORTEZAL, 006208 (119)'",4.632656970149253,-74.09750205970148
119,"'SAN IGNACIO, 005607 (120)'",4.678470069767441,-74.11402658139535
120,"'NUEVA GRANADA BOSA, 004527 (121)'",4.599284164179105,-74.19251900000002
121,"'PARIS, 005619 (122)'",4.702919289473683,-74.10536644736845
122,"'PARQUE NACIONAL ORIENTAL, 101405 (123)'",4.606801729554964,-74.05201422822365
123,"'CIUDAD BACHUE I ETAPA, 005631 (124)'",4.713985136363638,-74.1031355909091
124,"'COLON, 004308 (125)'",4.620728043478261,-74.1158987826087
125,"'VILLA EMMA, 205316 (126)'",4.621636833333334,-74.2048253
126,"'EL NUEVO PORTAL II, 002620 (127)'",4.491640114285713,-74.10120457142857
127,"'LA FRAGUITA, 002101 (128)'",4.594587597087378,-74.09907547572816
128,"'SAN ANTONIO URBANO, 005660 (129)'",4.703005,-74.13143353846154
129,"'FLORENCIA, 005620 (130)'",4.70013908,-74.10778636
130,"'BOSQUE POPULAR, 005505 (131)'",4.670618488888889,-74.09487655555556
131,"'MANDALAY, 004531 (132)'",4.628580472222222,-74.14463375
132,"'BELLA FLOR SUR RURAL, 104107 (133)'",4.539789289256198,-74.16149351239669
133,"'NORMANDIA, 005507 (134)'",4.670199800000001,-74.10475846666667
134,"'LA CABRERA, 008309 (135)'",4.669014541666667,-74.049747125
135,"'EL BAGAZAL, 101101 (136)'",4.653393847740667,-74.0367677416503
136,"'EL REFUGIO, 006419 (137)'",4.690561547169811,-74.15087711320756
137,"'MUEQUETA, 007307 (138)'",4.653364142857143,-74.07093064285714
138,"'INTERINDUSTRIAL, 006527 (139)'",4.6505118281249995,-74.131532875
139,"'SANTA ROSA, 104112 (140)'",4.398344154848046,-74.1610674732272
140,"'LAS MERCEDES, 104108 (141)'",4.403438922774869,-74.18632801243456
141,"'LA REGADERA, 102808 (142)'",4.387505465832532,-74.11918510611164
142,"'SANTA BARBARA, 104113 (143)'",4.40023117948718,-74.14865757525084
143,"'EL HATO, 102112 (144)'",4.376832518234165,-74.16744124280231
144,"'SAN BENITO, 102909 (145)'",4.359348624759615,-74.11436991754807
145,"'ARRAYAN, 102910 (146)'",4.337826522288756,-74.1286720166334
146,"'LAS FERIAS, 005404 (147)'",4.682802340909091,-74.08505831818182
147,"'CHICO NORTE III SECTOR, 008315 (148)'",4.683803677083334,-74.05262751041668
148,"'LOS NARANJOS, 009201 (149)'",4.726693433628318,-74.0863906902655
149,"'EL BOSQUE SUR ORIENTAL RURAL I, 102310 (150)'",4.47311778,-74.08568259124999
150,"'LA PRADERA, 004305 (151)'",4.624690181818182,-74.12145954545456
151,"'DOCE DE OCTUBRE, 005202 (152)'",4.66959784,-74.07521484
152,"'LA LIBERTAD, 005206 (153)'",4.675890079999999,-74.07668688
153,"'HOYA SAN CRISTOBAL, 101301 (154)'",4.554750004300048,-74.05343802150026
154,"'VILLA SAGRARIO, 005658 (155)'",4.704427851851851,-74.12102337037037
155,"'CHARCO RURAL, 105402 (156)'",4.702554352768826,-74.17284777615002
156,"'SABANA DE TIBABUYES, 009232 (157)'",4.749922577777777,-74.10928779999999
157,"'NUEVA GLORIA, 001320 (158)'",4.542008552631579,-74.09019675438597
158,"'EL PARAISO, 001329 (159)'",4.541170839285714,-74.09219667857143
159,"'PUENTE ARANDA, 006215 (160)'",4.632980142857143,-74.10559751428572
160,"'GRANJAS DE TECHO, 006306 (161)'",4.64148492,-74.11807372
161,"'CASABLANCA, 004537 (162)'",4.614364999999999,-74.17252016666667
162,"'TAIRONA, 004564 (163)'",4.640449315789475,-74.15818089473684
163,"'OSORIO XII, 004615 (164)'",4.643634755102041,-74.18205702040817
164,"'LAS MERCEDES SUBA, 009239 (165)'",4.758185999999999,-74.08345044444444
165,"'EL PARAISO BOSA, 004541 (166)'",4.6413114,-74.1688447
166,"'TIBABUYES OCCIDENTAL, 009250 (167)'",4.75214606122449,-74.12243555102042
167,"'LA CAMELIA II, 004317 (168)'",4.613159931034482,-74.1213474137931
168,"'TIBANA, 004212 (169)'",4.611918142857144,-74.10659502857145
169,"'NUESTRA SENORA DEL ROSARIO, 009140 (170)'",4.788945954545454,-74.06795147727274
170,"'CASABLANCA SUBA URBANO I, 009138 (171)'",4.7818565,-74.05277025
171,"'QUIROGA I, 002209 (172)'",4.581267,-74.11042900000001
172,"'LA GRANJA NORTE, 008524 (173)'",4.750159897727273,-74.02515423863636
173,"'LA PAMPA, 006511 (174)'",4.652407129032258,-74.13913993548387
174,"'SAN CRISTOBAL SUR, 001108 (175)'",4.569436939485628,-74.07598128593041
175,"'TABORA, 005609 (176)'",4.6938963000000005,-74.09924722000001
176,"'PALERMO, 007205 (177)'",4.6356825666666674,-74.07368673333332
177,"'CASABLANCA SUBA II, 107111 (178)'",4.830592937853107,-74.05180647645952
178,"'QUIROGA, 002202 (179)'",4.579418333333333,-74.11318622222223
179,"'TUNJUELITO, 002508 (180)'",4.561407822580645,-74.12796691935485
180,"'MARRUECOS, 001418 (181)'",4.552602560747664,-74.11465339252337
181,"'LA MACARENA, 008105 (182)'",4.6143472333333335,-74.06480656666668
182,"'SANTA INES, 003107 (183)'",4.597924692307692,-74.08136907692307
183,"'LOS EJIDOS, 004208 (184)'",4.619817545454546,-74.09873278409091
184,"'PARAMO, 108104 (185)'",4.6865727402458575,-74.0185192725815
185,"'SAN FELIPE DE USME RURAL, 202404 (186)'",4.5011347,-74.0963275
186,"'LA ALAMEDA, 003101 (187)'",4.610755857142857,-74.07349952380953
187,"'SAN ANTONIO NORTE, 008523 (188)'",4.75695424,-74.02768064
188,"'EL MOCHUELO II URBANO, 002598 (189)'",4.521562629420084,-74.12997648656294
189,"'BETANIA, 103201 (190)'",4.210862584147666,-74.15034270466884
190,"'SAGRADO CORAZON, 008101 (191)'",4.625524674999999,-74.06728360000001
191,"'SANTA MATILDE, 004209 (192)'",4.601315352941176,-74.10737942647057
192,"'SAN ANTONIO NOROCCIDENTAL, 008528 (193)'",4.755791552083333,-74.04069777083333
193,"'PARAMO II RURAL, 108112 (194)'",4.696780523809524,-74.02390314285712
194,"'LOS MOLINOS, 001417 (195)'",4.556687924242425,-74.10862607575757
195,"'JOSE ANTONIO GALAN, 004569 (196)'",4.606758455555555,-74.17922791111111
196,"'SAN JOSE DE USAQUEN, 008529 (197)'",4.754923166666667,-74.03116280392157
197,"'INGEMAR ORIENTAL RURAL, 101103 (198)'",4.63730906501548,-74.03876659287926
198,"'TEUSAQUILLO, 007104 (199)'",4.622702181818182,-74.07227565909089
199,"'EL NUEVO PORTAL II RURAL, 202506 (200)'",4.489279519230769,-74.09626058653846
200,"'LA PEA RURAL, 201404 (201)'",4.586367945945946,-74.06518354054054
201,"'SAN MARTIN, 004592 (202)'",4.629184666666666,-74.18773304166668
202,"'ALCALA, 004407 (203)'",4.602066461538461,-74.12587742307691
203,"'TORCA I, 008539 (204)'",4.810595612612613,-74.03264517117117
204,"'EDUARDO SANTOS, 004105 (205)'",4.594878368421053,-74.09112652631579
205,"'LAGO GAITAN, 008313 (206)'",4.665677115384616,-74.05919307692308
206,"'BELLAVISTA OCCIDENTAL, 005503 (207)'",4.675899032258064,-74.08883380645162
207,"'VERACRUZ, 003109 (208)'",4.602323153846155,-74.07283958974358
208,"'LA UNION, 109106 (209)'",3.9955039705882354,-74.36322748014706
209,"'CENTRO FONTIBON, 006410 (210)'",4.674859229357798,-74.14227448623852
210,"'TECHO, 004548 (211)'",4.626906857142857,-74.14729214285714
211,"'VEINTE DE JULIO, 001405 (212)'",4.570130235955055,-74.09821351685393
212,"'TIBAQUE, 101306 (213)'",4.5411166678758565,-74.06766615397018
213,"'NAZARETH, 103106 (214)'",4.166460199820789,-74.15523045878136
214,"'EL TOBERIN, 008501 (215)'",4.747845772727273,-74.0417823409091
215,"'LAS AURAS, 103105 (216)'",4.1718337043235705,-74.17059347419804
216,"'NUEVO SAN ANDRES, 002505 (217)'",4.526110509803922,-74.1197672352941
217,"'LAGUNA VERDE, 103204 (218)'",4.184988274725275,-74.16244705128204
218,"'SALAZAR USME, 002572 (219)'",4.518369101123596,-74.11378938202246
219,"'GALERIAS, 007207 (220)'",4.642751047619048,-74.07567309523809
220,"'SAN JUAN BAUTISTA, 002555 (221)'",4.5141327560975615,-74.11932412601625
221,"'EL ROCIO NORTE, 008522 (222)'",4.759881652173913,-74.02745882608696
222,"'SIETE DE AGOSTO, 007311 (223)'",4.657280629629629,-74.07107625925926
223,"'COLOMBIA, 007303 (224)'",4.659465055555555,-74.0663085
224,"'LA ESPERANZA SUR, 006315 (225)'",4.656896894736842,-74.11646657894737
225,"'CIUDAD KENNEDY OCCIDENTAL, 004508 (226)'",4.622790684210526,-74.16084
226,"'ARBOLEDA SUR, 001423 (227)'",4.563076636065574,-74.1169368409836
227,"'LOS ALMENDROS, 004609 (228)'",4.646594705882354,-74.17587011764705
228,"'PROVIVIENDA OCCIDENTAL, 004613 (229)'",4.6356195,-74.16784823529413
229,"'LA PICOTA ORIENTAL, 002510 (230)'",4.5448617883211675,-74.11346991970802
230,"'NUEVA ESPERANZA, 204106 (231)'",4.547341,-74.1630762173913
231,"'EL MIRADOR II, 204107 (232)'",4.547513785714286,-74.15989110714288
232,"'TAQUECITOS, 103102 (233)'",4.164693353798926,-74.21805893476592
233,"'SANTO DOMINGO, 109105 (234)'",4.009755036569437,-74.34253595820635
234,"'TORCA RURAL I, 108101 (235)'",4.8164332269938654,-74.01824296932516
235,"'GUAYMARAL, 107101 (236)'",4.825428307790549,-74.0757708795232
236,"'BAVARIA, 006504 (237)'",4.638566384615384,-74.13928965384615
237,"'CHARLES DE GAULLE, 004574 (238)'",4.606899333333333,-74.20122716666667
238,"'CAPITOLIO, 109112 (239)'",4.0355613476980725,-74.3460258003212
239,"'LAGUNITAS, 109113 (240)'",3.965634636245787,-74.29723878376977
240,"'CHORRERAS, 109107 (241)'",3.9918248724565752,-74.29151226137303
241,"'LAS VEGAS, 109103 (242)'",4.02128706684196,-74.2666068353169
242,"'EL MOCHUELO III, 104128 (243)'",4.518078266405485,-74.15056864152791
243,"'EL TOLDO, 109101 (244)'",4.06029120090101,-74.29974602398637
244,"'SAN ANTONIO, 109102 (245)'",4.097426099618873,-74.3103045354186
245,"'CONCEPCION NORTE, 007304 (246)'",4.657121545454546,-74.06327272727273
246,"'EL PORVENIR DE LOS SOCHES, 102110 (247)'",4.489799737885463,-74.09195257929514
247,"'ACEVEDO TEJADA, 005107 (248)'",4.631113045454545,-74.08134009090908
248,"'EL MOCHUELO ORIENTAL, 002522 (249)'",4.529051536630036,-74.12507121245422
249,"'CHUCUA DE LA VACA III, 004619 (250)'",4.629733660714286,-74.16323379464286
250,"'CANAVERALEJO RURAL, 205308 (251)'",4.6437133636363646,-74.19950704545454
251,"'EL PORTAL DEL BRASIL, 004591 (252)'",4.630239223880597,-74.18583737313433
252,"'CIUDADELA EL RECREO II, 004638 (253)'",4.63447046875,-74.20050346874999
253,"'LA INDEPENDENCIA, 004641 (254)'",4.620759442424243,-74.195812
254,"'MARLY, 008212 (255)'",4.63595603125,-74.06457671875
255,"'SIERRA MORENA, 002440 (256)'",4.57690862369338,-74.16946131184669
256,"'LA ARBOLEDA RURAL, 101309 (257)'",4.532620294117646,-74.07591515686275
257,"'EL CORZO RURAL, 105314 (258)'",4.646669551724138,-74.19786449425288
258,"'VILLA MARIA, 009209 (259)'",4.738197115384615,-74.1026151923077
259,"'SANTA HELENA, 009131 (260)'",4.732158025,-74.06246348
260,"'LA URIBE, 008525 (261)'",4.7532388404255315,-74.04044355319148
261,"'ATENAS, 009119 (262)'",4.7313737343749995,-74.07057330468749
262,"'VICTORIA NORTE, 009104 (263)'",4.732200198113207,-74.05448639622641
263,"'LAS MARGARITAS, 102113 (264)'",4.373995990616075,-74.19732210934313
264,"'MOCHUELO ALTO, 002596 (265)'",4.500489913470994,-74.13366507964601
265,"'EL MOCHUELO II, 104129 (266)'",4.517603797968397,-74.14074886681716
266,"'SAN JOSE, 109111 (267)'",3.8169465999053034,-74.38840377687028
267,"'NUEVA GRANADA, 109116 (268)'",3.881523038050609,-74.35010166447985
268,"'CONCEPCION, 109110 (269)'",3.9180283925831203,-74.34412898286445
269,"'CASA BLANCA SUR, 004576 (270)'",4.6188637213114765,-74.17134816393443
270,"'ALTOS DE SUBA, 009260 (271)'",4.733323756097561,-74.07533436585366
271,"'LA SOLEDAD NORTE, 005615 (272)'",4.697144195121951,-74.10267485365854
272,"'SAN MARTIN, 008109 (273)'",4.617358045454546,-74.06734631818182
273,"'SAN JOSE SUR, 001401 (274)'",4.577379207207206,-74.10402575675676
274,"'NARINO SUR, 001207 (275)'",4.579796610687024,-74.08973132061068
275,"'QUIBA RURAL, 204128 (276)'",4.533617308823529,-74.14349198529412
276,"'SAN VICTORINO, 006105 (277)'",4.606655666666667,-74.08118
277,"'SAN PABLO BOSA, 004524 (278)'",4.606498000000001,-74.19159742253521
278,"'LA GAITANA, 009216 (279)'",4.741487074626866,-74.1095559477612
279,"'LA CABANA, 005508 (280)'",4.674146115384615,-74.10242892307693
280,"'EL BOSQUE, 002609 (281)'",4.505085274509804,-74.10169282352942
281,"'LUSITANIA, 006509 (282)'",4.63471834920635,-74.12365666666666
282,"'PATIO BONITO, 004554 (283)'",4.639178933333333,-74.16232206666666
283,"'BOSQUES DE SAN JORGE, 009241 (284)'",4.746911333333334,-74.08597882608694
284,"'SERRANIAS, 002542 (285)'",4.498915021739131,-74.11411602173912
285,"'VILLA MARIA I, 009267 (286)'",4.741921130434783,-74.10162173913044
286,"'ANTONIO JOSE DE SUCRE, 002571 (287)'",4.492658476190476,-74.11428551190477
287,"'RICAURTE, 004101 (288)'",4.607856285714286,-74.09393435714286
288,"'SAN RAFAEL, 004302 (289)'",4.620959166666666,-74.112352
289,"'LA ESTANCIA, 002418 (290)'",4.595079366197184,-74.17396688732394
290,"'LA ESPERANZA, 208107 (291)'",4.664706395833334,-74.02442247916666
291,"'INGLES, 002307 (292)'",4.585369912280703,-74.12235428070176
292,"'LA HUERTA, 002636 (293)'",4.48436935483871,-74.10201390322581
293,"'REMANSO, 004402 (294)'",4.604421631147541,-74.11473854918032
294,"'EL MIRADOR DE LA ESTANCIA, 002447 (295)'",4.584871955555556,-74.17874833333332
295,"'PARAMO II, 108108 (296)'",4.6627201578947375,-74.01859111184211
296,"'LA LIBERIA, 008517 (297)'",4.7362005789473685,-74.03610889473684
297,"'TIBAQUE II, 201309 (298)'",4.509194075,-74.08435949999999
298,"'EL MADRIGAL, 005635 (299)'",4.707889904109589,-74.1145520958904
299,"'SANTA BARBARA ORIENTAL, 008413 (300)'",4.698497236363637,-74.03143987272728
300,"'EL DANUBIO AZUL, 004588 (301)'",4.6209635,-74.18224602173913
301,"'OSPINA PEREZ SUR, 004405 (302)'",4.5955786,-74.13261412
302,"'DESARROLLO BRAZUELOS I, 002556 (303)'",4.497498266666667,-74.11789164666666
303,"'OLAYA, 002201 (304)'",4.581784346153846,-74.10541084615384
304,"'TORCA II, 008541 (305)'",4.811943902040817,-74.02659699183673
305,"'TORCA RURAL II, 108110 (306)'",4.797588911492734,-74.01472484808454
306,"'ARBORIZADORA ALTA, 002569 (307)'",4.563632610983982,-74.16508677803203
307,"'EL TINTAL IV, 006534 (308)'",4.65636343478261,-74.14276960869566
308,"'PUERTA DEL SOL, 009203 (309)'",4.744362923076923,-74.10174596153846
309,"'CAMPIN OCCIDENTAL, 005105 (310)'",4.648206500000001,-74.07996383333334
310,"'ROMA, 004534 (311)'",4.611304445783132,-74.17356956626507
311,"'CONEJERA, 009142 (312)'",4.8033266875,-74.0632474375
312,"'EL REFUGIO I, 201105 (313)'",4.668506,-74.0417325
313,"'GUADUAL FONTIBON, 006407 (314)'",4.66772052631579,-74.14529835087718
314,"'JUAN XXIII, 007402 (315)'",4.66699525,-74.06290204166667
315,"'EL RETIRO, 008310 (316)'",4.6660787692307695,-74.05099765384615
316,"'ACACIAS USAQUEN, 008510 (317)'",4.7220746818181825,-74.0310935
317,"'TTES DE COLOMBIA, 009223 (318)'",4.731190466666668,-74.09231558666666
318,"'RINCON DEL CHICO, 008411 (319)'",4.6856016470588235,-74.04466422549021
319,"'ATAHUALPA, 006416 (320)'",4.688711400000001,-74.1464738
320,"'TUNAL ALTO, 109109 (321)'",3.9347911212839977,-74.30876075426944
321,"'EL LISTON, 006106 (322)'",4.612536530017152,-74.08379404802743
322,"'BARAJAS NORTE, 107109 (323)'",4.78816654088785,-74.08113325934579
323,"'GORGONZOLA, 004207 (324)'",4.6224173720930235,-74.10424416279069
324,"'CENTRO USME RURAL I, 102602 (325)'",4.4762473518518515,-74.12205003703704
325,"'SANTA BARBARA OCCIDENTAL, 008417 (326)'",4.701032801587301,-74.0481488968254
326,"'MODELIA, 006311 (327)'",4.667799545454546,-74.11553918181818
327,"'DUITAMA, 002550 (328)'",4.527200037735849,-74.11368828301886
328,"'ANTONIA SANTOS, 004570 (329)'",4.612084786324786,-74.18781393162394
329,"'QUIRIGUA II, 005684 (330)'",4.709678346153846,-74.10516946153847
330,"'SOTAVENTO, 002533 (331)'",4.544822461538462,-74.13928451648353
331,"'BOITA, 004516 (332)'",4.602955,-74.15481791836736
332,"'PRIMAVERA OCCIDENTAL, 004205 (333)'",4.613332676470589,-74.10790385294119
333,"'AUTOPISTA MUZU ORIENTAL, 004413 (334)'",4.596354979166667,-74.11653416666667
334,"'CLARET, 002308 (335)'",4.584128666666667,-74.12809076666666
335,"'RINCON DE GALICIA, 002424 (336)'",4.587372222222222,-74.17357955555555
336,"'SANTA LIBRADA NORTE, 002528 (337)'",4.516804735294118,-74.1125310245098
337,"'CHAPINERO NORTE, 008214 (338)'",4.649659042553193,-74.06102636170212
338,"'SAN MIGUEL, 005103 (339)'",4.6618258260869565,-74.07850665217391
339,"'EL TUNO, 002634 (340)'",4.48643737755102,-74.11060141836734
340,"'SIERRA MORENA, 002438 (341)'",4.580931204225353,-74.16219494366196
341,"'DANUBIO II, 002577 (342)'",4.538771982905983,-74.11160866666667
342,"'GARCES NAVAS SUR, 005655 (343)'",4.7131212,-74.12345026666667
343,"'VERAGUAS, 004109 (344)'",4.604141388571429,-74.09968117142857
344,"'PARCELA EL PORVENIR, 004630 (345)'",4.640882647540984,-74.18630400819671
345,"'EL UVAL, 202502 (346)'",4.484685775862069,-74.1030821551724
346,"'SAN LUIS ALTOS DEL CABO RURAL, 208110 (347)'",4.6711452666666675,-74.02575953333331
347,"'PARQUE EL TUNAL, 002410 (348)'",4.572599521472393,-74.14024490797547
348,"'VILLA MAYOR, 002311 (349)'",4.5893971874999995,-74.12781318750001
349,"'SANTIAGO PEREZ, 002304 (350)'",4.587425888888889,-74.1100906111111
350,"'ALCAZARES NORTE, 007404 (351)'",4.665542444444444,-74.0688046111111
351,"'LA MERCED NORTE, 007301 (352)'",4.66470745,-74.07412455
352,"'EL CHANCO II, 205401 (353)'",4.6858606451612905,-74.16828940322581
353,"'METROPOLIS, 005207 (354)'",4.680158285714286,-74.08257177142858
354,"'RENANIA URAPANES, 004582 (355)'",4.604793322580646,-74.14735535483871
355,"'LOS CEDROS, 008515 (356)'",4.723619550724638,-74.04743926086954
356,"'LA FLORIDA OCCIDENTAL, 006203 (357)'",4.623402045454546,-74.08715163636363
357,"'EL CARMELO, 004559 (358)'",4.620055043478262,-74.17726310144927
358,"'ALFONSO LOPEZ, 007209 (359)'",4.638341333333335,-74.07539374603176
359,"'RAFAEL ESCAMILLA, 002421 (360)'",4.593177075757576,-74.1600893939394
360,"'PASTRANA, 004525 (361)'",4.617425617021276,-74.16612170212767
361,"'CAOBOS SALAZAR, 008518 (362)'",4.728640696969697,-74.03527124242424
362,"'VILLA ISRAEL, 002594 (363)'",4.489559815068493,-74.11486760958906
363,"'VILLA AMALIA, 005648 (364)'",4.709768396551725,-74.12446134482758
364,"'QUIRIGUA ORIENTAL, 005639 (365)'",4.708153972222224,-74.10100275
365,"'OSPINA PEREZ, 004406 (366)'",4.600031238095238,-74.12958809523809
366,"'SAN PEDRO, 105103 (367)'",4.666495425531915,-74.15892768085106
367,"'LAGO DE SUBA, 009220 (368)'",4.7317283111111115,-74.09769564444443
368,"'PUERTA DE TEJA, 006404 (369)'",4.679056500000001,-74.12755289130432
369,"'ENTRERIOS, 005306 (370)'",4.682342523809525,-74.07492612698415
370,"'CIUDAD KENNEDY, 004509 (371)'",4.621320933333333,-74.1419775047619
371,"'PORTAL RURAL II, 102506 (372)'",4.491880427409988,-74.09466633914053
372,"'TOCAIMITA ORIENTAL I, 002622 (373)'",4.502188357142858,-74.09799347619048
373,"'LAGUNITAS, 204304 (374)'",4.50604003968254,-74.14635053968256
374,"'INGEMAR, 008215 (375)'",4.6395939318569,-74.05546015161839
375,"'SAN JOSE V SECTOR, 009134 (376)'",4.758125000000001,-74.06467361363636
376,"'JOSE MARIA CARBONEL, 004550 (377)'",4.602209638095238,-74.19776595238096
377,"'CERRO COLORADO, 002575 (378)'",4.5579846953642384,-74.15678942457689
378,"'QUINDIO, 001318 (379)'",4.540042480042016,-74.07983862289917
379,"'PARIS GAITAN, 005612 (380)'",4.704455020833334,-74.0961485625
380,"'SANTA HELENITA, 005608 (381)'",4.692684303030304,-74.10475816666666
381,"'LOS ALAMOS, 005625 (382)'",4.696710892857142,-74.10860482142857
382,"'SANTA CECILIA, 005638 (383)'",4.676748,-74.11103947727273
383,"'ENGATIVA ZONA URBANA, 005636 (384)'",4.714790627118644,-74.14126861864408
384,"'EL TINTAL III, 006533 (385)'",4.654702514705882,-74.1509815
385,"'LAS FLORES, 009210 (386)'",4.740946286713286,-74.08829946153847
386,"'GILMAR, 009114 (387)'",4.7454338307692305,-74.0656702
387,"'SAN PEDRO, 009253 (388)'",4.746047644444444,-74.11981464444445
388,"'TIBABUYES UNIVERSAL, 009225 (389)'",4.745927892857144,-74.11072992857143
389,"'VISION DE ORIENTE, 006503 (390)'",4.650828774193549,-74.13426183870969
390,"'BOSQUE IZQUIERDO, 008106 (391)'",4.607887575757576,-74.0647373181818
391,"'QUINTA MUTIS, 007308 (392)'",4.653380230769231,-74.07334253846155
392,"'EL MOCHUELO II NORTE, 204129 (393)'",4.531750253968254,-74.14792225396826
393,"'VEREDA EL TINTAL RURAL, 105105 (394)'",4.659370747058823,-74.1430936882353
394,"'ALQUERIA, 004409 (395)'",4.599361069444444,-74.13410159722223
395,"'ABRAHAM LINCOLN, 002507 (396)'",4.557690200000001,-74.12427015714285
396,"'CHAPINERITO, 002610 (397)'",4.505127470588235,-74.10355532352942
397,"'MIRANDELA, 009133 (398)'",4.767086042553191,-74.05062980851066
398,"'VEREDA EL TINTAL URBANO, 205101 (399)'",4.655545891304349,-74.15082721739131
399,"'PROVIVIENDA OCCIDENTAL, 004505 (400)'",4.611595951388889,-74.14464671527779
400,"'PUERTO RICO, 001427 (401)'",4.5620980796019905,-74.10875739800996
401,"'OSORIO II, 105203 (402)'",4.6544360000000005,-74.16584222994652
402,"'PATIO BONITO II, 004555 (403)'",4.63712862962963,-74.16420932098765
403,"'FISCALA ALTA, 002602 (404)'",4.52703512826087,-74.10274057173913
404,"'LA ESTACION BOSA, 004521 (405)'",4.597772674157303,-74.18617204494382
405,"'CATALINA, 004545 (406)'",4.610238776785715,-74.168933875
406,"'SANTA BARBARA CENTRAL, 008415 (407)'",4.696682093750001,-74.03759536718749
407,"'ESCOCIA, 004579 (408)'",4.625243148148147,-74.18776900000002
408,"'POTOSI, 005401 (409)'",4.698802168103447,-74.07852091379311
409,"'VILLA DEL MAR, 005680 (410)'",4.700026185185186,-74.12278675
410,"'ESCOCIA, 004519 (411)'",4.6209256216216215,-74.18399565765766
411,"'VILLA DEL RIO, 004546 (412)'",4.601432201492537,-74.15747546268656
412,"'LOS ROSALES, 008304 (413)'",4.659866762589928,-74.0474082733813
413,"'LA MAGDALENA, 007103 (414)'",4.628316321428572,-74.07060628571428
414,"'BONANZA, 005406 (415)'",4.6923521428571435,-74.08890628571427
415,"'EL RECUERDO, 006201 (416)'",4.632788763636364,-74.0885238
416,"'SABANA GRANDE, 006521 (417)'",4.666092833333334,-74.15209194573644
417,"'SANTA SOFIA, 007406 (418)'",4.671109962962964,-74.0680802962963
418,"'LA LAGUNA FONTIBON, 006415 (419)'",4.669566950413223,-74.14914623140494
419,"'EL TINTAL CENTRAL, 006423 (420)'",4.666584912280702,-74.1369631754386
420,"'DIANA TURBAY CULTIVOS, 001432 (421)'",4.542253148648649,-74.10465995945945
421,"'EL REFUGIO, 008303 (422)'",4.667633325581396,-74.04290856589148
422,"'ESCUELA DE INFANTERIA, 008410 (423)'",4.684164981132075,-74.04219448113206
423,"'MONTE CARLO, 001115 (424)'",4.569408535849057,-74.07157843018868
424,"'EL DORADO INDUSTRIAL, 005663 (425)'",4.723177373737374,-74.12929096969698
425,"'EL REFUGIO II, 201108 (426)'",4.66426011111111,-74.04409216666667
426,"'LOS SAUCES, 004587 (427)'",4.617756544217687,-74.19065979591836
427,"'MOLINOS DE ORIENTE, 001104 (428)'",4.5678681929824565,-74.06938952631577
428,"'CASA DE TEJA, 002534 (429)'",4.542393404958678,-74.13566117355373
429,"'VILLAS EL DIAMANTE, 002558 (430)'",4.550997419642857,-74.15370108928572
430,"'LA CASTELLANA, 005304 (431)'",4.6851402888888884,-74.06270152222223
431,"'EL CHANCO RURAL II, 105401 (432)'",4.6898009,-74.16798823333333
432,"'ESCUELA DE CABALLERIA I, 008409 (433)'",4.685697448275863,-74.03319984482759
433,"'ARRAYANES VI, 002637 (434)'",4.538075925287356,-74.10110251724139
434,"'CIUDAD TECHO II, 006531 (435)'",4.639804609271523,-74.1500739668874
435,"'QUIRIGUA I, 005683 (436)'",4.712161128205128,-74.10008
436,"'RIONEGRO, 005308 (437)'",4.6851312711864415,-74.06527844067799
437,"'GALAN RURAL, 205221 (438)'",4.653000418604651,-74.17702223255813
438,"'VILLA ANNY I, 004598 (439)'",4.603586110169492,-74.20123854237289
439,"'EL VIRREY, 002548 (440)'",4.502219475409836,-74.11109007377048
440,"'LOS LACHES, 003207 (441)'",4.585497189054727,-74.06867659203981
441,"'LA SOLEDAD, 007101 (442)'",4.62986626923077,-74.07609915384616
442,"'VILLA ELISA, 009207 (443)'",4.734593234432234,-74.08959609157509
443,"'VILLA ANNY II, 004599 (444)'",4.601310763888888,-74.19955252777777
444,"'SAN BERNARDINO I, 004597 (445)'",4.606384862499999,-74.20648642500001
445,"'VEREDA EL TINTAL, 205102 (446)'",4.6600107954545456,-74.13837084090909
446,"'VILLA ANITA, 002619 (447)'",4.489374092715232,-74.11806037086093
447,"'SAN PEDRO, 001306 (448)'",4.564576351648351,-74.08441657142858
448,"'SAN JAVIER, 001110 (449)'",4.580220877777777,-74.08439162222223
449,"'POPULAR MODELO, 005102 (450)'",4.6659955250000005,-74.08224717499999
450,"'SAN PATRICIO, 008418 (451)'",4.6945808319327735,-74.04918834033614
451,"'BARRANCAS NORTE, 008506 (452)'",4.7351490281690145,-74.02582092957745
452,"'AURES II, 009206 (453)'",4.733877383333334,-74.10327001666668
453,"'CARACAS, 001203 (454)'",4.584289516666667,-74.09434859999998
454,"'CIUDAD DE CALI, 004607 (455)'",4.640652090909091,-74.17147331818184
455,"'EL MINUTO DE DIOS, 005601 (456)'",4.700770346666666,-74.08926756666666
456,"'SAN BLAS, 001106 (457)'",4.5679011603773585,-74.0838893490566
457,"'SANTA ANA SUR, 001111 (458)'",4.576606509677419,-74.08482793548387
458,"'BOLONIA I, 202203 (459)'",4.509363703703704,-74.0956714074074
459,"'CARMEN DEL SOL, 001434 (460)'",4.564161519736842,-74.11354744407895
460,"'PUENTE COLORADO, 001317 (461)'",4.542743195804196,-74.08271378321679
461,"'RAFAEL NUNEZ, 005117 (462)'",4.643717677419354,-74.08734058064516
462,"'VEREDA SUBA CERROS II, 009265 (463)'",4.754023038596491,-74.0717117122807
463,"'EL SATELITE, 002545 (464)'",4.5682302,-74.14827807142856
464,"'LA REFORMA, 002627 (465)'",4.50013176056338,-74.10434804225352
465,"'DINDALITO, 004612 (466)'",4.640505764705883,-74.17567900000002
466,"'LAS ACACIAS, 004626 (467)'",4.649938000000001,-74.17753806249999
467,"'ARRAYANES V, 002625 (468)'",4.535423486899564,-74.10171459825328
468,"'CALANDAIMA, 004601 (469)'",4.643395740740741,-74.16672566666668
469,"'LAS MERCEDES, 001107 (470)'",4.565458625,-74.07998071875
470,"'LA PRADERA, 002437 (471)'",4.5714867717391305,-74.16249403804349
471,"'LOS LAURELES II, 002544 (472)'",4.571606,-74.15350356164383
472,"'EL PINO, 009213 (473)'",4.748616606060605,-74.09048815151516
473,"'DINDALITO, 004614 (474)'",4.634705133333332,-74.17238526666667
474,"'ARBORIZADORA ALTA II, 002461 (475)'",4.569995014962593,-74.15513479301745
475,"'JUAN XXIII, 008211 (476)'",4.647274901639345,-74.05442647540984
476,"'LA SALLE, 008206 (477)'",4.64353148502994,-74.05735018562874
477,"'ALQUERIA LA FRAGUA II, 004596 (478)'",4.601456583333334,-74.14019734722223
478,"'ALQUERIA LA FRAGUA NORTE, 004542 (479)'",4.605408674418604,-74.133266
479,"'VILLAS DEL PROGRESO, 004567 (480)'",4.623382412371134,-74.20226960824742
480,"'CAMPANELLA, 009219 (481)'",4.751240506666665,-74.08447881333335
481,"'SAN BENITO, 002509 (482)'",4.5626716392156865,-74.1321655882353
482,"'SANTA INES SUR II, 001357 (483)'",4.561408396226415,-74.08808950943396
483,"'SAN JUAN URBANO, 209104 (484)'",4.029445629032258,-74.3144345967742
484,"'GRANADA SUR, 002541 (485)'",4.518555620689654,-74.12319859770115
485,"'TUNJUELITO, 002593 (486)'",4.5106267674418605,-74.12363839534885
486,"'LAS FERIAS OCCIDENTAL, 005405 (487)'",4.688539600000001,-74.08656792727274
487,"'LA GLORIA ORIENTAL, 001319 (488)'",4.544973386363636,-74.09177058712122
488,"'CHAPINERO CENTRAL, 008213 (489)'",4.6447400000000005,-74.06254999999999
489,"'CIUDAD SALITRE SUR-ORIENTAL, 006217 (490)'",4.6400430588235295,-74.10336082352941
490,"'CIUDAD UNIVERSITARIA, 005108 (491)'",4.636942423423423,-74.08447541441443
491,"'SAN BERNARDINO XVIII, 105318 (492)'",4.618839967741936,-74.20778206048386
492,"'LISBOA, 008513 (493)'",4.7156289172413794,-74.03432833103449
493,"'BRITALIA, 009102 (494)'",4.747805220779221,-74.05624694805194
494,"'MONTEBLANCO, 002536 (495)'",4.505095295081967,-74.11938662295081
495,"'CASABLANCA SUBA I, 107110 (496)'",4.779727441964286,-74.05956317857144
496,"'CANAIMA, 008544 (497)'",4.770504064102564,-74.03810067948717
497,"'TIBABITA RURAL, 108102 (498)'",4.774831913407822,-74.0229262793296
498,"'LAS MERCEDES SUBA RURAL, 107107 (499)'",4.7590495348837205,-74.08486920155039
499,"'PASO ANCHO, 004528 (500)'",4.612544234177216,-74.1937949113924
500,"'EL MOCHUELO, 002584 (501)'",4.537217156069365,-74.1371498150289
501,"'LAS DELICIAS, 004544 (502)'",4.598113843478261,-74.14674668695652
502,"'DINTALITO, 004618 (503)'",4.6332786,-74.1695138
503,"'LAS ACACIAS, 002513 (504)'",4.560978654867257,-74.14381742477875
504,"'CIUDAD JARDIN SUR, 001204 (505)'",4.582759695652174,-74.09580271739131
505,"'GRANADA NORTE, 009101 (506)'",4.751005250000001,-74.04998329545454
506,"'BILBAO, 009252 (507)'",4.749940989473684,-74.11795843157896
507,"'SAN CARLOS DE SUBA, 009251 (508)'",4.749657055555556,-74.11385197222222
508,"'CASTILLA, 006506 (509)'",4.63977843076923,-74.14420138461537
509,"'VERBENAL SAN ANTONIO, 008537 (510)'",4.763125964285715,-74.03431146428571
510,"'YOMASA, 001350 (511)'",4.521351416666667,-74.09307024404762
511,"'BELLAVISTA LUCERO ALTO, 002560 (512)'",4.547742848920863,-74.14622715107915
512,"'VILLA DE LOS ALPES, 001408 (513)'",4.56037113445378,-74.09799347058825
513,"'BOYACA, 005603 (514)'",4.686596487804879,-74.0996563902439
514,"'DIANA TURBAY, 001421 (515)'",4.547919081967213,-74.1086869125683
515,"'BOSA NOVA, 004526 (516)'",4.6188511171875,-74.1903213125
516,"'IRAGUA, 009247 (517)'",4.759713925,-74.06677057499999
517,"'VITELMA, 001103 (518)'",4.5761242243767315,-74.07695012188366
518,"'BELLO HORIZONTE, 001304 (519)'",4.560532702290076,-74.09337862595419
519,"'SAN AGUSTIN, 001416 (520)'",4.549568713709678,-74.10960881451612
520,"'VILLA DE LOS ALPES I, 001430 (521)'",4.561208160714285,-74.09901357738096
521,"'SAN LUIS, 007202 (522)'",4.647501195652174,-74.07224134782608
522,"'VILLAS DE ALCALA, 005668 (523)'",4.716628482625484,-74.13000030888031
523,"'LA MARIA, 001109 (524)'",4.5771102918660285,-74.08123586602872
524,"'SUBA CERROS, 009231 (525)'",4.742291904477612,-74.07740566268656
525,"'VERGEL OCCIDENTAL, 006514 (526)'",4.652394879120879,-74.13959707692308
526,"'LAS DOS AVENIDAS, 006508 (527)'",4.634383350877192,-74.14313061403509
527,"'LA REQUILINA RURAL II, 102604 (528)'",4.479681475609756,-74.12258164634146
528,"'OLARTE, 004538 (529)'",4.599112810126582,-74.16655808860759
529,"'ALQUERIA LA FRAGUA, 004543 (530)'",4.6025915625,-74.13637712500001
530,"'EL PARAISO, 004603 (531)'",4.642435034482759,-74.17016903448275
531,"'JACQUELINE, 004517 (532)'",4.608098885416666,-74.16298333333333
532,"'QUIBA I, 002456 (533)'",4.54089204,-74.14116835200001
533,"'CASABLANCA SUBA URBANO, 009136 (534)'",4.805571949468085,-74.04475624202128
534,"'PORTALES DEL NORTE, 009135 (535)'",4.750442417910448,-74.06434070149253
535,"'COLSEGUROS, 006109 (536)'",4.621222368421053,-74.08449194736842
536,"'CHISACA, 102116 (537)'",4.339165442911877,-74.20172489348658
537,"'ESTORIL, 009126 (538)'",4.695872114973262,-74.05798606417112
538,"'SAN DIEGO, 008107 (539)'",4.612166098360655,-74.068113852459
539,"'CHUCUA DE LA VACA II, 004620 (540)'",4.62671085,-74.16366557500001
540,"'COMUNEROS, 004202 (541)'",4.607764904651163,-74.10141158139534
541,"'VILLA NELLY III SECTOR, 004578 (542)'",4.6251327884615385,-74.1621743653846
542,"'SAN ISIDRO, 008317 (543)'",4.665774238866398,-74.01737727530364
543,"'LA PAZ BOSA, 004520 (544)'",4.6158846336633665,-74.18574902970296
544,"'SAN FERNANDO OCCIDENTAL, 005204 (545)'",4.675606735294117,-74.0823696764706
545,"'NACIONES UNIDAS, 002546 (546)'",4.540438624999999,-74.14873044871794
546,"'PROVIVIENDA NORTE, 004310 (547)'",4.614388980392157,-74.12586870588237
547,"'VILLA MAYOR ORIENTAL, 002309 (548)'",4.592038125,-74.12252945833335
548,"'BRASILIA, 004604 (549)'",4.627962075,-74.182982775
549,"'SAN RAFAEL USME, 001322 (550)'",4.52951991970803,-74.08382642335766
550,"'SAN PEDRO, 004589 (551)'",4.619910918128656,-74.19260589473684
551,"'MILLAN, 002502 (552)'",4.559248026315789,-74.14609235526316
552,"'CIUDAD BACHUE, 005630 (553)'",4.717797524390244,-74.10052536585366
553,"'SAN PEDRO SUR, 001337 (554)'",4.5073266490066235,-74.08493690728477
554,"'LA ESTRELLITA III, 008547 (555)'",4.7597554,-74.0227014
555,"'GINEBRA II, 008425 (556)'",4.705754016483517,-74.0254062967033
556,"'EL MOCHUELO IV, 104127 (557)'",4.5365988608695655,-74.15307065217391
557,"'TUNA ALTA, 009214 (558)'",4.753300405714286,-74.07910739428571
558,"'SANTA ISABEL, 004108 (559)'",4.602393477832513,-74.10151813793104
559,"'VILLAS DE GRANADA I, 005649 (560)'",4.718029166666668,-74.12149386666667
560,"'LLANO GRANDE, 004562 (561)'",4.632253363636363,-74.1640650909091
561,"'LA FAVORITA, 006104 (562)'",4.612970734042553,-74.08070978723404
562,"'BARCELONA, 004303 (563)'",4.618939391304348,-74.11500282608695
563,"'REMANSO SUR, 004412 (564)'",4.602965457627119,-74.11921349717512
564,"'CENTRO ADMINISTRATIVO, 003106 (565)'",4.595416921875,-74.075060546875
565,"'EL MOCHUELO III URBANO, 002588 (566)'",4.511763182481753,-74.13442400729927
566,"'TUNDAMA, 004515 (567)'",4.601380261904762,-74.15083283333333
567,"'CUNDINAMARCA, 006211 (568)'",4.623386641509434,-74.09058107547169
568,"'LAS GUACAMAYAS I, 001355 (569)'",4.555215615384616,-74.09584501398602
569,"'BELALCAZAR, 007206 (570)'",4.638620548780488,-74.07738719512194
570,"'PENSILVANIA, 004201 (571)'",4.6103726444444435,-74.10192645555556
571,"'SAN GABRIEL NORTE II, 008426 (572)'",4.701038492063493,-74.02740041269841
572,"'VILLA DEL PRADO, 009129 (573)'",4.7566721849315075,-74.05269979452054
573,"'SAN BERNARDINO POTRERITOS, 004623 (574)'",4.622319046218488,-74.20433561764706
574,"'CAMPO VERDE, 205322 (575)'",4.6233631636363635,-74.20934721212122
575,"'EL VERVENAL, 008526 (576)'",4.762265446428572,-74.04111317857142
576,"'USAQUEN, 008407 (577)'",4.693220144067796,-74.02990020338981
577,"'EL JAZMIN, 004611 (578)'",4.646134333333333,-74.1790077142857
578,"'GUSTAVO RESTREPO, 001402 (579)'",4.576071733668342,-74.1065255276382
579,"'CANADA O GUIRA, 001330 (580)'",4.545964027600849,-74.09960161571124
580,"'ISLA DEL SOL, 002411 (581)'",4.59064958125,-74.15268020625
581,"'LA COMUNA, 002612 (582)'",4.501197313953488,-74.10097226744188
582,"'QUINTA CAMACHO, 008201 (583)'",4.654826595238096,-74.0595131904762
583,"'BATALLON CALDAS, 006207 (584)'",4.630282814814815,-74.10253148148148
584,"'RAMAJAL, 001307 (585)'",4.560099157575757,-74.08117276363636
585,"'NUEVA ZELANDIA, 009120 (586)'",4.757829679012347,-74.04983641975309
586,"'MOLINO RURAL, 101302 (587)'",4.568947767045454,-74.06964776136364
587,"'BOSQUE CALDERON, 008207 (588)'",4.642287444444445,-74.0600880925926
588,"'SAN MARTIN SUR, 001321 (589)'",4.549687517766497,-74.09978051269034
589,"'CIUDAD LONDRES I, 001346 (590)'",4.519627529069767,-74.0881261627907
590,"'CANODROMO, 009130 (591)'",4.710228824074074,-74.05766399074075
591,"'COMPARTIR, 002504 (592)'",4.557430686131387,-74.14762574452556
592,"'ESTRELLA DEL SUR, 002540 (593)'",4.545074166666668,-74.14494305555557
593,"'ALTOS DEL POBLADO, 001333 (594)'",4.549069036144578,-74.08710666867469
594,"'CIUDAD SALITRE NOR-ORIENTAL, 006216 (595)'",4.645768000000001,-74.10091864285714
595,"'EL ROCIO, 003208 (596)'",4.583457414035087,-74.07047936140351
596,"'VILLABEL, 001332 (597)'",4.538449921875,-74.095765515625
597,"'OSORIO X, 105210 (598)'",4.645543548387095,-74.18587653225806
598,"'CHARALA, 002611 (599)'",4.502112696428571,-74.10817082857143
599,"'FERROCAJA FONTIBON, 006405 (600)'",4.673193580645162,-74.13129844086022
600,"'BOSA NOVA EL PORVENIR, 004580 (601)'",4.621488452631579,-74.19059702105264
601,"'GRAN COLOMBIANO, 004539 (602)'",4.614621555,-74.1994567875
602,"'EL BOSQUE SUR ORIENTAL, 002628 (603)'",4.47277494117647,-74.08093727941177
603,"'EL DORADO, 003209 (604)'",4.579992652542372,-74.0724893898305
604,"'EL NEVADO, 002631 (605)'",4.5267107428571425,-74.11172246122447
605,"'PALOQUEMAO, 006107 (606)'",4.612542294258374,-74.08518510287081
606,"'SAMPER, 008108 (607)'",4.618871605263157,-74.06930113157894
607,"'ARMENIA, 007105 (608)'",4.619034962962963,-74.07228729629631
608,"'LA GLORIA OCCIDENTAL, 001311 (609)'",4.547872405325443,-74.09788193786981
609,"'ALASKA, 002551 (610)'",4.52981110989011,-74.1108808021978
610,"'BOSQUE DE MODELIA, 006316 (611)'",4.672098291666667,-74.12323400000001
611,"'AEROPUERTO EL DORADO, 005624 (612)'",4.7002605804878055,-74.14727835121953
612,"'CHUCUA DE LA VACA I, 004621 (613)'",4.624369746268656,-74.16781082089551
613,"'BRISAS ALDEA FONTIBON, 006414 (614)'",4.692729532544378,-74.15351894674556
614,"'SEMINARIO, 008302 (615)'",4.675428695121951,-74.03656779512195
615,"'VALLADOLID, 006515 (616)'",4.644503961538462,-74.14760565384616
616,"'GRANJAS SAN PABLO, 001412 (617)'",4.571945761538462,-74.11593669230768
617,"'INGEMAR ORIENTAL, 008218 (618)'",4.643818789954338,-74.05105785388128
618,"'PARDO RUBIO, 008208 (619)'",4.634308756521739,-74.06113373043476
619,"'RINCON ALTAMAR, 009266 (620)'",4.719392275449102,-74.09122631736527
620,"'BOCHICA II, 005644 (621)'",4.717280987654321,-74.10852404938271
621,"'SANTA CATALINA, 004584 (622)'",4.60617008411215,-74.15151949532711
622,"'GIBRALTAR SUR, 002554 (623)'",4.555477663551402,-74.14235808411215
623,"'HOSPITAL SAN CARLOS, 001403 (624)'",4.57067012406015,-74.10883704511278
624,"'EL CHIRCAL SUR, 002435 (625)'",4.570552176923077,-74.1434797
625,"'MARCO FIDEL SUAREZ, 001410 (626)'",4.569051138461538,-74.1199949076923
626,"'LA AURORA, 002503 (627)'",4.522413287449393,-74.12097403643725
627,"'MOLINOS NORTE, 008416 (628)'",4.693865691428572,-74.03984583428571
628,"'TIBABUYES, 009233 (629)'",4.753101618181819,-74.10004538181818
629,"'DIANA TURBAY ARRAYANES, 001422 (630)'",4.544913341911765,-74.10556764338234
630,"'ANDES NORTE, 009127 (631)'",4.690420644628099,-74.06773571900827
631,"'LA ESPERANZA, 007305 (632)'",4.65328196,-74.06500052
632,"'EL BAGAZAL, 008319 (633)'",4.655531857142857,-74.04744364285715
633,"'BENJAMIN HERRERA, 007309 (634)'",4.654064588235293,-74.07655376470588
634,"'BRAZUELOS OCCIDENTAL RURAL, 104130 (635)'",4.495588176895306,-74.12460971841155
635,"'SAN PABLO JERICO, 006413 (636)'",4.687890014285715,-74.15714592857141
636,"'PRADO VERANIEGO, 009107 (637)'",4.717198986486485,-74.05574545945946
637,"'FRANCO, 006308 (638)'",4.649493309090909,-74.11962358181817
638,"'EL PEDREGAL, 002563 (639)'",4.522825087628866,-74.11353087628865
639,"'PARQUE NACIONAL URBANO, 008114 (640)'",4.600478243589743,-74.06294864102563
640,"'LA PAZ, 002566 (641)'",4.542285554878049,-74.11447127439025
641,"'EL CARMEN, 002407 (642)'",4.58040246875,-74.13570762500001
642,"'CATALUNA, 008111 (643)'",4.628423724489796,-74.0622481632653
643,"'FLORIDA, 006101 (644)'",4.6243008235294125,-74.08099923529412
644,"'LOS ALPES SUR, 002559 (645)'",4.544111359712231,-74.15392173381294
645,"'SAN GABRIEL, 004307 (646)'",4.623086428571428,-74.11838085714285
646,"'PARQUE NACIONAL, 008102 (647)'",4.6223948073770496,-74.0591720942623
647,"'INDUSTRIAL CENTENARIO, 006205 (648)'",4.623806325,-74.09509829999999
648,"'VILLA ALSACIA, 006512 (649)'",4.644035454545454,-74.12666439772727
649,"'POLICARPA, 001211 (650)'",4.588128217391303,-74.08785494202898
650,"'BELLAVISTA, 002436 (651)'",4.574944405172414,-74.16029820689656
651,"'FATIMA, 002408 (652)'",4.587126051162791,-74.13765861860466
652,"'MARSELLA, 006502 (653)'",4.63531606849315,-74.12726708219176
653,"'CANDELARIA LA NUEVA, 002531 (654)'",4.566789598726114,-74.15028759872612
654,"'LUCERO ALTO, 002521 (655)'",4.557729037735849,-74.13984416037736
655,"'MEXICO, 002516 (656)'",4.55442129245283,-74.1354694528302
656,"'BRISAS DEL LLANO, 002635 (657)'",4.485752663551402,-74.1043408317757
657,"'EL ENSUENO, 002416 (658)'",4.5824460855614975,-74.16042562566845
658,"'JULIO FLOREZ, 005403 (659)'",4.690203832,-74.07451573599998
659,"'SAN ISIDRO RURAL, 208111 (660)'",4.67001996,-74.01809076
660,"'SANTA RITA SUR ORIENTAL, 001328 (661)'",4.5387554868421045,-74.0929579342105
661,"'QUESADA, 007204 (662)'",4.639647352941175,-74.06821752941177
662,"'CAMPO HERMOSO, 004558 (663)'",4.640455666666667,-74.16470790476191
663,"'LAS MANAS, 002520 (664)'",4.567043295121952,-74.1662196292683
664,"'CHICALA, 004605 (665)'",4.624242379310345,-74.18018474137929
665,"'PARAISO QUIBA, 002565 (666)'",4.552467055172413,-74.16183004827587
666,"'LA PICOTA, 002511 (667)'",4.545466342372881,-74.11744577966103
667,"'EL JAZMIN, 205209 (668)'",4.649875260869566,-74.18024404347825
668,"'SALITRE SUBA, 009226 (669)'",4.7557385576923075,-74.08274791346153
669,"'PINOS DE LOMBARDIA, 009245 (670)'",4.753818581395349,-74.09519253488372
670,"'USMINIA, 002538 (671)'",4.4937108342857135,-74.11661540571427
671,"'SABANA DE TIBABUYES NORTE, 009234 (672)'",4.756949875000001,-74.10713744166667
672,"'ALTAMIRA, 001315 (673)'",4.540540878048781,-74.08512035365852
673,"'TUNA, 009261 (674)'",4.760692148148148,-74.10588629629629
674,"'CASABLANCA SUBA, 009215 (675)'",4.752728738095238,-74.06981417142856
675,"'RINCON DE SANTA INES, 009217 (676)'",4.758665025641026,-74.10250916666666
676,"'PABLO VI NORTE, 005116 (677)'",4.654454289473684,-74.08746644736844
677,"'GIRARDOT, 003211 (678)'",4.585752447916666,-74.07455606770833
678,"'LA TORRE, 002581 (679)'",4.5411720094339625,-74.16171514150943
679,"'SAN BERNARDINO, 003201 (680)'",4.592692892857143,-74.08488439285715
680,"'QUIROGA SUR, 002204 (681)'",4.57794140909091,-74.12040359090909
681,"'CANAVERALEJO, 004634 (682)'",4.642364703125001,-74.2006224375
682,"'EL VERGEL, 004106 (683)'",4.5949363214285714,-74.09794709821429
683,"'SOCIEGO, 001205 (684)'",4.578943818181818,-74.09001413286713
684,"'ARBORIZADORA ALTA, 002573 (685)'",4.567470881578948,-74.15927307894736
685,"'BETANIA, 004628 (686)'",4.6260944637681165,-74.17838431884057
686,"'ALTOS DEL ZIPA, 001342 (687)'",4.549853566878981,-74.0796248343949
687,"'MOLINOS DEL SUR, 001414 (688)'",4.557255165829146,-74.11766678894472
688,"'SOSIEGO SUR, 001404 (689)'",4.571283782608695,-74.09970314130435
689,"'LA VEGA SAN BERNARDINO, 004624 (690)'",4.620092277777778,-74.20758016666666
690,"'QUIBA, 002530 (691)'",4.538922479166667,-74.14305854999999
691,"'LA CABANA, 004632 (692)'",4.633350475,-74.19160435
692,"'DESARROLLO BRAZUELOS, 002592 (693)'",4.4925441458333335,-74.11943157291667
693,"'ARBORIZADORA ALTA I, 002460 (694)'",4.5690724691358025,-74.15547841728394
694,"'NIZA NORTE, 009123 (695)'",4.715003655172415,-74.07484867816093
695,"'LA ALAMEDA, 002523 (696)'",4.547616667808219,-74.13939458904109
696,"'LUCERO DEL SUR, 002517 (697)'",4.550513253333333,-74.14139483333334
697,"'LA LIBERTAD, 004593 (698)'",4.628819384615384,-74.19043325641027
698,"'SAN JOSE SUR ORIENTAL, 001314 (699)'",4.547741254491018,-74.0886742245509
699,"'LAS AMERICAS, 007107 (700)'",4.627339653061225,-74.07916634693876
700,"'SUCRE, 008112 (701)'",4.628341720930233,-74.06654569767441
701,"'CENTRO NARINO, 006210 (702)'",4.628338034482758,-74.08941620689656
702,"'BELLAVISTA SUR, 001313 (703)'",4.5487103,-74.08855156486487
703,"'BUENAVISTA, 008535 (704)'",4.766943914893616,-74.02602423404254
704,"'PORVENIR, 002589 (705)'",4.534490107784431,-74.11701592814372
705,"'LAS VILLAS, 009122 (706)'",4.7166071470588244,-74.07193298529413
706,"'SAN JOSE DE BAVARIA, 009113 (707)'",4.7656131129032255,-74.06315009274194
707,"'TIBABITA, 008521 (708)'",4.764427584905661,-74.02815398113209
708,"'TIBABITA I, 008542 (709)'",4.768533489795918,-74.02330371428572
709,"'EL CEREZO, 008527 (710)'",4.765210822222223,-74.04064555555556
710,"'CENTRO INDUSTRIAL, 006218 (711)'",4.638879,-74.11089386842104
711,"'LA FAENA, 005666 (712)'",4.716658278026906,-74.13412472645742
712,"'EL PLAYON, 001420 (713)'",4.561183588235295,-74.12108042081448
713,"'SAN BERNARDINO II, 004635 (714)'",4.636636878787879,-74.19677963636364
714,"'SANTA INES SUR, 001308 (715)'",4.558543195121952,-74.08673965853659
715,"'SUMAPAZ, 002553 (716)'",4.554608349056604,-74.14726203773586
716,"'SAN RAFAEL, 002539 (717)'",4.547606320895523,-74.14994881343284
717,"'JORGE URIBE BOTERO, 004568 (718)'",4.623665012987013,-74.17798461038963
718,"'VILLA GLORIA, 002549 (719)'",4.55019215,-74.15248894999999
719,"'BARRANQUILLITA, 002525 (720)'",4.523624840336133,-74.11584478151258
720,"'LAS ANIMAS, 103104 (721)'",4.143515645873944,-74.18084679987004
721,"'LAS SOPAS, 103109 (722)'",4.088535147805643,-74.19948560423198
722,"'CALLEJON SANTA BARBARA, 001419 (723)'",4.558374192857143,-74.11385007142857
723,"'EL REMANSO I, 004625 (724)'",4.618590887048192,-74.20021675000001
724,"'LA CABANA, 001348 (725)'",4.513536548076923,-74.09188264182693
725,"'LAS MARGARITAS, 004316 (726)'",4.629154342465753,-74.17574463013699
726,"'GALAN, 004627 (727)'",4.651718547945206,-74.1744353150685
727,"'EL CORZO, 004631 (728)'",4.6378134623655916,-74.18927398924733
728,"'OSORIO XXIII, 105223 (729)'",4.647499967479676,-74.19010171544716
729,"'BRASIL, 004622 (730)'",4.631567206896552,-74.18391684482759
730,"'LAS MARGARITAS, 004637 (731)'",4.628788552631579,-74.19466015789473
731,"'ISLANDIA, 004642 (732)'",4.616422660477454,-74.19585889920424
732,"'SAN ANTONIO, 004594 (733)'",4.625380343750001,-74.1966148125
733,"'SANTA FE BOSA, 004633 (734)'",4.636171487179486,-74.19425207692308
734,"'OSORIO III, 006518 (735)'",4.655085219081273,-74.17166943816254
735,"'HIPOTECHO SUR, 004551 (736)'",4.622397526011561,-74.12944247976878
736,"'NAZARETH URBANO, 203106 (737)'",4.172758159420289,-74.14700092753624
737,"'EL CORZO I, 004643 (738)'",4.642643127388535,-74.19125648407643
738,"'HIPOTECHO OCCIDENTAL, 004502 (739)'",4.621707337278107,-74.13075272781066
739,"'LA RESURRECCION I, 001431 (740)'",4.566243492537314,-74.10955423880597
740,"'TINTALA, 006516 (741)'",4.651863906735751,-74.16118150259067
741,"'SIBERIA CENTRAL, 008220 (742)'",4.632162771428571,-74.05911070857142
742,"'LECH WALESA, 009227 (743)'",4.727234044247788,-74.10120518584071
743,"'CIUDADELA EL RECREO, 004573 (744)'",4.638426118032787,-74.20507420655737
744,"'SANTA BIBIANA, 008412 (745)'",4.690612197740113,-74.05142575706215
745,"'REMANSO URBANO, 004602 (746)'",4.617342691709845,-74.20414670984457
746,"'EL POA, 009211 (747)'",4.743814580645162,-74.09429956451612
747,"'VILLAS DE GRANADA, 005647 (748)'",4.714781571428572,-74.12676914285714
748,"'LA FISCALA, 002590 (749)'",4.532816200913242,-74.11026589497716
749,"'LA GAITANA ORIENTAL, 009262 (750)'",4.741228983050847,-74.10647937288134
750,"'ESCUELA DE CARABINEROS, 009132 (751)'",4.735205719178082,-74.07214408219178
751,"'SAN BERNARDINO XVIII, 205318 (752)'",4.616615411764705,-74.21135223529411
752,"'SAN BLAS II, 001113 (753)'",4.561081230588235,-74.07958075058824
753,"'SAN BERNARDINO XXII URBANO, 004577 (754)'",4.626220542857143,-74.21473225714286
754,"'EL PLAN, 009128 (755)'",4.7364624804687505,-74.06485367578125
755,"'JUAN PABLO II, 002552 (756)'",4.555410081761006,-74.14953591194967
756,"'CANTAGALLO, 009103 (757)'",4.743540639344262,-74.05552483606556
757,"'AREA ARTILLERIA, 002512 (758)'",4.5515996633333335,-74.12934572
758,"'SAN BERNARDINO XXV, 105325 (759)'",4.63531145614035,-74.21413335964914
759,"'SANTA TERESA, 008503 (760)'",4.745292833333333,-74.02304336111109
760,"'VILLA HERMOSA, 009244 (761)'",4.756871457142857,-74.09045374285714
761,"'SAN BERNARDINO XXV URBANO, 004590 (762)'",4.621906493055556,-74.21833490972223
762,"'LA ESTRELLITA, 208203 (763)'",4.762087293333334,-74.02199369333333
763,"'TIHUAQUE RURAL, 101307 (764)'",4.502066922600619,-74.08054233126934
764,"'EMAUS, 008202 (765)'",4.6530085,-74.054951
765,"'CEDRO NARVAEZ, 008511 (766)'",4.720478765625,-74.032156109375
766,"'LA PRADERA NORTE, 008502 (767)'",4.743532863636363,-74.03594225
767,"'CIUDAD HUNZA, 009235 (768)'",4.720538388059702,-74.08922915820897
768,"'GRAN GRANADA, 005654 (769)'",4.719264108108108,-74.12634431081082
769,"'LOS CEDROS ORIENTAL, 008509 (770)'",4.722638108108109,-74.0278434864865
770,"'TIBABITA RURAL I, 108111 (771)'",4.757593027450979,-74.01685799215686
771,"'BOSQUE DE PINOS I, 008536 (772)'",4.717774432000001,-74.0263118
772,"'LOS LAURELES I, 201305 (773)'",4.566069064102565,-74.06765533333333
773,"'CARACOLI, 002445 (774)'",4.573219012875537,-74.17304026609445
774,"'SANTA ANA OCCIDENTAL, 008414 (775)'",4.6902994964028775,-74.03522734532375
775,"'SANTO DOMINGO, 002426 (776)'",4.580557246575342,-74.17747602739725
776,"'EL RINCON NORTE, 009204 (777)'",4.728604934959349,-74.08974217886178
777,"'SANTA FE, 006103 (778)'",4.61650765,-74.079182425
778,"'GUALOCHE, 004552 (779)'",4.598741044444445,-74.18356182222222
779,"'SANTA BARBARA, 003203 (780)'",4.59149706097561,-74.07637424390245
780,"'VILLA GLADYS, 005637 (781)'",4.708234586666666,-74.13594293333334
781,"'CORABASTOS, 004547 (782)'",4.632484641791044,-74.15985139800995
782,"'EL CORTIJO, 005634 (783)'",4.730560063829787,-74.11838697872341
783,"'LAS VIOLETAS, 002633 (784)'",4.498676388888889,-74.0811167
784,"'MORAVIA, 006519 (785)'",4.6776841098901105,-74.15599027472526
785,"'LA ASUNCION, 004203 (786)'",4.60260273556231,-74.10366594224922
786,"'LOURDES, 003212 (787)'",4.588686194174757,-74.07402553398059
787,"'ALAMOS, 005643 (788)'",4.70503237254902,-74.11976398039216
788,"'ESPINO I, 002449 (789)'",4.5829108979591835,-74.1783347755102
789,"'CEDRO SALAZAR, 008508 (790)'",4.726095560606061,-74.02697259090907
790,"'LOS ANGELES, 005623 (791)'",4.696639253164556,-74.12055705063291
791,"'BOSA, 004522 (792)'",4.609990999999999,-74.18232402105264
792,"'RINCON DE SUBA, 009237 (793)'",4.72200144117647,-74.09621275
793,"'LA PENA, 003206 (794)'",4.587102051020408,-74.06646913265305
794,"'LA PERSEVERANCIA, 008104 (795)'",4.617368245614036,-74.06292645614035
795,"'LA PEPITA, 004110 (796)'",4.604214799999999,-74.089737
796,"'MEISSEN, 002514 (797)'",4.559011452054794,-74.13602904794521
797,"'LA CONCORDIA, 003104 (798)'",4.5977718124999996,-74.06845629166668
798,"'BELLA FLOR SUR, 002582 (799)'",4.5469663640661935,-74.15709345626477
799,"'LA ESPERANZA NORTE, 006303 (800)'",4.658268260869566,-74.11084773913043
800,"'ALCAZARES, 007302 (801)'",4.6621748,-74.07052815000002
801,"'SANTA VIVIANA, 002442 (802)'",4.576550963636364,-74.17433561363637
802,"'BRISAS DEL VOLADOR, 002587 (803)'",4.5463512,-74.15504036129032
803,"'QUIBA URBANO, 002583 (804)'",4.533999446808511,-74.14403840425531
804,"'BELEN FONTIBON, 006409 (805)'",4.681745319502074,-74.15028888796681
805,"'PARAMO I RURAL, 101110 (806)'",4.66954379710145,-74.03831775362318
806,"'BELLA FLOR, 002580 (807)'",4.545023321100918,-74.16040265137615
807,"'EL LAUREL, 005510 (808)'",4.681387666666667,-74.09682428571428
808,"'EL MINUTO DE MARIA, 002564 (809)'",4.535935193069307,-74.14190501485149
809,"'ARABIA, 002578 (810)'",4.533807139639641,-74.14732342342342
810,"'LA CAROLINA, 008403 (811)'",4.708128634615385,-74.03672851923078
811,"'LA ESPERANZA SUR, 002607 (812)'",4.507265788770053,-74.10131168983956
812,"'POLO CLUB, 007401 (813)'",4.67211964102564,-74.06232512820513
813,"'EL CHICO, 008308 (814)'",4.673693119999999,-74.05212024000001
814,"'LA PATRIA, 005305 (815)'",4.676952545454545,-74.06468866666664
815,"'VILLA CARMENZA, 006417 (816)'",4.681512205555555,-74.1506033722222
816,"'EL ENCANTO, 005605 (817)'",4.677964461538462,-74.10551526923076
817,"'SIMON BOLIVAR, 005205 (818)'",4.67899765625,-74.07956200000001
818,"'SANTA CECILIA, 006301 (819)'",4.674326684210526,-74.12093765789473
819,"'EL TINTAL, 105104 (820)'",4.672162434523809,-74.1633321547619
820,"'ZONA FRANCA, 006520 (821)'",4.674921680555555,-74.15934083333335
821,"'PRADO VERANIEGO NORTE, 009116 (822)'",4.720903618055555,-74.06225815277779
822,"'CEDRITOS, 008512 (823)'",4.718072007575758,-74.03558718939394
823,"'SABANA DEL DORADO, 005657 (824)'",4.71263542,-74.14292925999999
824,"'RAMIREZ, 003210 (825)'",4.583554263157895,-74.0760151263158
825,"'MARICHUELA, 002529 (826)'",4.5094392513661194,-74.11920280874317
826,"'QUINTAS DEL SUR, 002532 (827)'",4.546639808022923,-74.13978116618911
827,"'AUTOPISTA MUZU, 004403 (828)'",4.596059531531531,-74.12545093693694
828,"'CENTRO ADMINISTRATIVO OCC., 005109 (829)'",4.64076709090909,-74.09317786363636
829,"'YOMASA NORTE, 002586 (830)'",4.50090320967742,-74.12277146370968
830,"'EL CHANCO RURAL III, 105403 (831)'",4.67918424107143,-74.17244735714287
831,"'LA GIRALDA, 006420 (832)'",4.678562108108108,-74.1411288108108
832,"'JORGE ELIECER GAITAN, 005201 (833)'",4.675959155172413,-74.07274236206896
833,"'TUNA BAJA, 009242 (834)'",4.757540134110787,-74.09265988921283
834,"'EL CONTADOR, 008514 (835)'",4.72048635483871,-74.04345087096775
835,"'CAMPO EUCARISTICO, 005114 (836)'",4.658735844444444,-74.09433664444445
836,"'EL PANTANO, 106201 (837)'",4.721122235294118,-74.15724654901962
837,"'SANTA RITA DE SUBA, 009255 (838)'",4.746559168224299,-74.12584174766353
838,"'BERLIN, 009259 (839)'",4.7473265499999995,-74.1185636375
839,"'TOSCANA, 009229 (840)'",4.743670375000001,-74.114604734375
840,"'EL PORTAL DEL DIVINO, 002630 (841)'",4.4863965625,-74.09798165277778
841,"'NICOLAS DE FEDERMAN, 005106 (842)'",4.646543483870968,-74.08175220967743
842,"'SUBA URBANO, 009212 (843)'",4.740709152416358,-74.08099882527883
843,"'EL MOCHUELO URBANO, 002585 (844)'",4.534252013157895,-74.15270626315788
844,"'EL TINTAL II, 006522 (845)'",4.662654916666667,-74.1448065
845,"'TIHUAQUE, 001340 (846)'",4.501906687697161,-74.08332518611986
846,"'LOS SOCHES, 001344 (847)'",4.499519330275229,-74.08888281651377
847,"'SAN ANTONIO, 002102 (848)'",4.58929581294964,-74.0932517266187
848,"'LAS GAVIOTAS, 001334 (849)'",4.531186857142857,-74.08266165934066
849,"'SAN ISIDRO RURAL, 208108 (850)'",4.663511176470588,-74.01946145882353
850,"'EL GUAVIO, 003205 (851)'",4.5897247329192545,-74.06993369565217
851,"'LA RESURRECCION, 001413 (852)'",4.566757843260188,-74.11250760501568
852,"'ARGELIA II, 004583 (853)'",4.613908858024691,-74.18554272839506
853,"'SAN LUIS, 001426 (854)'",4.565310807486631,-74.10603240641711
854,"'GRAN BRITALIA, 004557 (855)'",4.616812662162161,-74.17852901351351
855,"'LUIS CARLOS GALAN, 005661 (856)'",4.7164666933333335,-74.09768534666665
856,"'EL JARDIN, 004561 (857)'",4.614768294117647,-74.20755106535948
857,"'LA CAMPINA, 004506 (858)'",4.607890839779006,-74.14507769060774
858,"'GRAN BRITALIA I, 004556 (859)'",4.625133898876404,-74.17018441573032
859,"'GARCES NAVAS, 005627 (860)'",4.712202124999999,-74.121072175
860,"'ATLANTA, 002422 (861)'",4.585157005405406,-74.15200112972974
861,"'VILLA CANDELARIA, 002579 (862)'",4.567103202020202,-74.15351807070707
862,"'SANTA LIBRADA, 002526 (863)'",4.5163623374613,-74.11907517337461
863,"'LA CHUCUA, 009221 (864)'",4.734872018518519,-74.09211357407408
864,"'PARAMO URBANO, 208104 (865)'",4.674865241935484,-74.03014612903225
865,"'MARIA CANO, 002429 (866)'",4.590051395604395,-74.17635108791208
866,"'CASA BLANCA SUBA I, 009258 (867)'",4.738056396226415,-74.07477254716981
867,"'NUEVA TIBABUYES, 009224 (868)'",4.732893303030303,-74.10494256565656
868,"'LAS BRISAS, 002430 (869)'",4.570065886075949,-74.16613564978903
869,"'VILLA DIANA, 001335 (870)'",4.502007040697674,-74.08955350581395
870,"'CIUDAD HAYUELOS, 006320 (871)'",4.658204303030303,-74.13038454545456
871,"'SAN FELIPE, 007403 (872)'",4.662527714285714,-74.06352557142856
872,"'ATENAS, 001305 (873)'",4.557108159362549,-74.0924775936255
873,"'GUIPARMA, 001429 (874)'",4.560699880733945,-74.11866158256882
874,"'EL CURUBO, 002606 (875)'",4.511532628440367,-74.1054004587156
875,"'LOS TRES REYES I, 002441 (876)'",4.588042544117647,-74.17883969117648
876,"'VILLA DEL CERRO, 001356 (877)'",4.54419326875,-74.09364650625
877,"'TOCAIMITA SUR, 102412 (878)'",4.49587832,-74.09072978285714
878,"'GALAN, 004304 (879)'",4.61631634375,-74.12297949999999
879,"'LOS ARRAYANES II, 001435 (880)'",4.541745438356164,-74.10662957534247
880,"'RINCON DE LA VALVANERA, 002419 (881)'",4.59234502857143,-74.16322661428572
881,"'ESPINO, 002423 (882)'",4.584201764423077,-74.17251384615385
882,"'EL BOSQUE CENTRAL I, 002608 (883)'",4.505135518987342,-74.09910453164557
883,"'PATIO BONITO III, 004566 (884)'",4.642280161290324,-74.16134606451614
884,"'SAN JOSE DE FONTIBON, 006403 (885)'",4.681509895522388,-74.13390968656716
885,"'BRAZUELOS OCCIDENTAL, 002591 (886)'",4.496698934579439,-74.12280481308412
886,"'SERRANIAS I, 002576 (887)'",4.497010567307692,-74.11140708653846
887,"'AUTOPISTA MEDELLIN, 005611 (888)'",4.699627280898876,-74.09425271910112
888,"'CENTRO USME, 202601 (889)'",4.469995604026845,-74.12823861073824
889,"'SAN JORGE SUR, 001411 (890)'",4.568450523026316,-74.11588674013157
890,"'LA VICTORIA, 001310 (891)'",4.551712736000002,-74.09282240799999
891,"'PRIMERO DE MAYO, 001112 (892)'",4.573100226415094,-74.08890354716982
892,"'EL CHANCO I, 006525 (893)'",4.679771220408164,-74.16453086938778
893,"'LA MERCED, 008103 (894)'",4.621325288135592,-74.06492440677968
894,"'SAMPER MENDOZA, 006108 (895)'",4.618241222222221,-74.08210052777778
895,"'CASABLANCA SUBA, 107102 (896)'",4.799803335689046,-74.04695162190814
896,"'BELLAVISTA, 008305 (897)'",4.653615573964497,-74.04988430177515
897,"'LAS NAVETAS, 005672 (898)'",4.707609603174603,-74.16032595767196
898,"'CIUDAD KENNEDY NORTE, 004514 (899)'",4.629351839285715,-74.15420728571429
899,"'SANTA MONICA, 005641 (900)'",4.700835085714285,-74.117048
900,"'LISBOA, 009254 (901)'",4.742901466666666,-74.12057718095238
901,"'LAS ORQUIDEAS, 008516 (902)'",4.741804694444444,-74.04125661111112
902,"'GARCES NAVAS ORIENTAL, 005628 (903)'",4.707604604166666,-74.11939383333335
903,"'GRANADA, 008204 (904)'",4.648847891891892,-74.05470592792794
904,"'NUEVO TECHO, 006507 (905)'",4.6473626774193555,-74.13434929032258
905,"'MONTEVIDEO, 006307 (906)'",4.6463505932203395,-74.11805306779661
906,"'LAS ACACIAS, 008203 (907)'",4.650553575342466,-74.0510419041096
907,"'TOCAIMITA ORIENTAL, 202410 (908)'",4.5010596000000005,-74.09503517037037
908,"'CHUNIZA, 002537 (909)'",4.50442725748503,-74.1087620239521
909,"'AGUAS CLARAS, 201304 (910)'",4.560969510086456,-74.0684905389049
910,"'SANTA LUCIA, 002205 (911)'",4.571691082568808,-74.12647596330275
911,"'LAS CRUCES, 003202 (912)'",4.585646556179776,-74.07854829213483
912,"'ARRAYANES I, 002601 (913)'",4.543044896226415,-74.10029508962263
913,"'QUIROGA CENTRAL, 002203 (914)'",4.579360789473685,-74.11695542105264
914,"'BRAVO PAEZ, 002306 (915)'",4.585744423728814,-74.12095293220338
915,"'SANTA CECILIA PUENTE NORTE, 008543 (916)'",4.735373763265306,-74.01613861224489
916,"'PUENTE GRANDE, 006418 (917)'",4.694632414634146,-74.16529663414634
917,"'CHARCO URBANO, 006411 (918)'",4.696845307692308,-74.16918876923076
918,"'AURES, 009205 (919)'",4.732426741935484,-74.09494546774194
919,"'COUNTRY CLUB, 008402 (920)'",4.7104032884615386,-74.04382706730769
920,"'LA LOMITA, 107112 (921)'",4.79982304432133,-74.07676048753463
921,"'SANTANDER, 002105 (922)'",4.593060255319148,-74.11080163829789
922,"'CENTENARIO, 002303 (923)'",4.586388764705882,-74.10781464705882
923,"'MURILLO TORO, 002310 (924)'",4.584382222222222,-74.11702568888889
924,"'CENTRO ENGATIVA II, 005667 (925)'",4.7115737954545445,-74.13540609090909
925,"'PRADO VERANIEGO SUR, 009117 (926)'",4.712183419191919,-74.06493601515152
926,"'SALAZAR GOMEZ, 006212 (927)'",4.631940052631579,-74.11497678947367
927,"'LA CECILIA, 004532 (928)'",4.606023251282052,-74.17594986153847
928,"'PUERTA AL LLANO DE USME, 002618 (929)'",4.487328875776398,-74.10266373291925
929,"'DONA LILIANA, 001345 (930)'",4.5111318235294116,-74.09356823529411
930,"'VERSALLES FONTIBON, 006401 (931)'",4.6847507166666675,-74.1453667
931,"'RONDA, 002518 (932)'",4.566522229885057,-74.14124454022989
932,"'LA ESTRELLITA I, 008540 (933)'",4.762887005,-74.02292292
933,"'CENTRO USME RURAL II, 102603 (934)'",4.467537321839081,-74.12367278160919
934,"'SAN EUSEBIO, 004401 (935)'",4.605048604166667,-74.12150004861111
935,"'NUEVA YORK, 004549 (936)'",4.605625052631579,-74.13966649122808
936,"'EL NEVADO II, 002629 (937)'",4.522631913513513,-74.10677708648649
937,"'SAN PEDRO DE LOS ROBLES, 006523 (938)'",4.6668257083333335,-74.14686216666666
938,"'PARAMO URBANO III, 008422 (939)'",4.6662994736842105,-74.01225269005849
939,"'VEREDA SUBA NARANJOS, 009249 (940)'",4.725484729032258,-74.08014239032258
940,"'LA CABANA, 002527 (941)'",4.512250551246537,-74.10782495290857
941,"'MARIA PAZ, 006517 (942)'",4.635016817391305,-74.15890676521738
942,"'JUAN REY SUR, 001347 (943)'",4.514777029490616,-74.09243208847185
943,"'MAZUREN, 009110 (944)'",4.736101923076922,-74.05681361538461
944,"'BOSQUE DE PINOS III, 008538 (945)'",4.730165411392404,-74.02157298945147
945,"'LILIANA, 102211 (946)'",4.509585906403942,-74.09063091133005
946,"'GRANJAS DE SANTA SOFIA, 001425 (947)'",4.570231354838711,-74.11241288709681
947,"'SAN ISIDRO, 001406 (948)'",4.566039307692308,-74.1002728076923
948,"'CASABLANCA SUBA URBANO II, 009139 (949)'",4.792892533333333,-74.05933666666667
949,"'VILLA ALSACIA II, 006510 (950)'",4.642839209302325,-74.13676311627907
950,"'COOPERATIVA DE SUB-OFICIALES, 006501 (951)'",4.6403846444444445,-74.1325448
951,"'CIUDAD KENNEDY ORIENTAL, 004510 (952)'",4.619854119658119,-74.14463738461541
952,"'CHICO NORTE, 008307 (953)'",4.677861455357143,-74.04680549107141
953,"'LA ESPERANZA SUR I, 202204 (954)'",4.507456952380952,-74.09678998095238
954,"'LA FRAGUA, 002107 (955)'",4.594407172413794,-74.10418609195403
955,"'LA CAMELIA, 004309 (956)'",4.6127745,-74.11593726422764
956,"'LIBERTADOR, 002305 (957)'",4.586866460176991,-74.11607027433628
957,"'HIPOTECHO, 004501 (958)'",4.62643975,-74.12940032142856
958,"'LA CATEDRAL, 003110 (959)'",4.5996012,-74.072937475
959,"'BOSQUE DE PINOS, 008520 (960)'",4.734781537356321,-74.01917697988505
960,"'TOCAREMA, 004565 (961)'",4.612584718309859,-74.16437909859155
961,"'HORIZONTES NORTE, 008533 (962)'",4.757921599056603,-74.02316034433963
962,"'SAN VICENTE, 001309 (963)'",4.555193952380953,-74.08935089115646
963,"'MIRADOR DEL NORTE, 008545 (964)'",4.764731791044777,-74.02139889552238
964,"'LAS AGUAS, 003103 (965)'",4.600454724137931,-74.06611611877396
965,"'SANTANDER SUR, 002302 (966)'",4.591378925373134,-74.1124563283582
966,"'RESTREPO OCCIDENTAL, 002104 (967)'",4.59175796,-74.10401569333332
967,"'EL MUELLE, 005652 (968)'",4.700225535211267,-74.12666018309861
968,"'BOLONIA I, 002626 (969)'",4.513805571955719,-74.09789913653137
969,"'LOS OLIVARES, 002604 (970)'",4.514090915887851,-74.10615714485981
970,"'LOS LIBERTADORES, 001327 (971)'",4.531901226480836,-74.09028997560975
971,"'EL PORTAL URBANO, 002642 (972)'",4.495027638297873,-74.1006805106383
972,"'PALERMO SUR, 002535 (973)'",4.541142516129033,-74.10858187096774
973,"'SANTA ISABEL SUR, 004107 (974)'",4.5952871239669415,-74.10042962809918
974,"'RESTREPO, 002103 (975)'",4.586172602739726,-74.09892264383562
975,"'MARCO FIDEL SUAREZ I, 001415 (976)'",4.566442195571955,-74.11813677490775
976,"'ANDALUCIA II, 004553 (977)'",4.6015682482269495,-74.17830836170212
977,"'BOSQUE DE PINOS III RURAL, 108113 (978)'",4.73113155940594,-74.02120652970298
978,"'PUENTE LARGO, 009124 (979)'",4.698134940170941,-74.06663343589743
979,"'EL RINCON, 009202 (980)'",4.722544910714286,-74.09074897321429
980,"'BARLOVENTO, 002417 (981)'",4.591739642335766,-74.16650030656933
981,"'EL REDIL, 008532 (982)'",4.7535415786802035,-74.02343596954314
982,"'CORDILLERA DEL SUR, 002561 (983)'",4.539531033057852,-74.15267663636364
983,"'PERDOMO ALTO, 002448 (984)'",4.586084894308942,-74.17292780487804
984,"'SAN CARLOS, 002501 (985)'",4.5629569626168225,-74.13051552803739
985,"'TIBAQUE SUR, 102407 (986)'",4.503157072847682,-74.08887182781456
986,"'CIUDAD LONDRES RURAL, 102312 (987)'",4.518698398148149,-74.08801858333332
987,"'SIERRA MORENA, 002439 (988)'",4.581037919881306,-74.16805032047478
988,"'LA CORUNA, 002420 (989)'",4.578052231884058,-74.15219855072463
989,"'GALICIA, 002427 (990)'",4.5916500933333335,-74.17063243999999
990,"'CIUDAD BOLIVAR RURAL I, 104119 (991)'",4.544570496163683,-74.17229996675192
991,"'SAN ANTONIO ENGATIVA, 005679 (992)'",4.7022630487804875,-74.12762687804879
992,"'SAN FRANCISCO RURAL, 003215 (993)'",4.592253774647887,-74.06799691197183
993,"'LOS ANDES, 005307 (994)'",4.6880865364238415,-74.07065068211921
994,"'LAS LOMAS, 001409 (995)'",4.56215440776699,-74.10258330097086
995,"'TIMIZA A, 004518 (996)'",4.607684866666667,-74.15189740000001
996,"'SURAMERICA, 001407 (997)'",4.564965367346939,-74.09603330612244
997,"'JERUSALEN, 002434 (998)'",4.5723781230769225,-74.15826734615385
998,"'CERROS DE ORIENTE, 001428 (999)'",4.557185679611651,-74.1055866116505
999,"'LA CALLEJA, 008401 (1000)'",4.709588408805032,-74.04733379245283
1000,"'LA ESPERANZA DE USME, 002615 (1001)'",4.493487028806585,-74.11026670781892
1001,"'EL ROSARIO, 005104 (1002)'",4.6550710238095245,-74.0811232142857
1002,"'LA PAZ, 007310 (1003)'",4.65895992,-74.07500776
1003,"'SAN FERNANDO, 005203 (1004)'",4.670105804347827,-74.07691530434784
1004,"'PARQUE DISTRITAL SALITRE, 005112 (1005)'",4.660636102564103,-74.08360374358975
1005,"'PIO XII, 006505 (1006)'",4.6366176981132075,-74.149833754717
1006,"'SAN GABRIEL NORTE, 008406 (1007)'",4.701218368421053,-74.02691593092105
1007,"'EL PROGRESO USME, 002613 (1008)'",4.497605203883496,-74.10379158252428
1008,"'PUERTA AL LLANO RURAL, 202511 (1009)'",4.490847451038576,-74.10867329673592
1009,"'SAN BERNARDINO XIX, 205319 (1010)'",4.629564458333334,-74.20494964166666
1010,"'CENTRO USME RURAL, 102601 (1011)'",4.468114934210527,-74.13089544736843
1011,"'MONTEBELLO, 001302 (1012)'",4.568044466666667,-74.09105398823529
1012,"'MORALBA, 001316 (1013)'",4.54380870289855,-74.07844491062802
1013,"'ISMAEL PERDOMO, 002414 (1014)'",4.581675596541786,-74.16909646685879
1014,"'LAS BRISAS, 001101 (1015)'",4.5821056640624995,-74.0827691328125
1015,"'SAN LUIS ALTOS DEL CABO, 008316 (1016)'",4.670300285714286,-74.02216168202766
1016,"'BATAN, 009118 (1017)'",4.707475362831858,-74.06399621238937
1017,"'VERONA, 002412 (1018)'",4.5775832,-74.15788954285713
1018,"'BOLIVIA, 005675 (1019)'",4.705717225490195,-74.12962317647059
1019,"'CEMENTERIO JARDINES APOGEO, 004529 (1020)'",4.6009450126582285,-74.17280312236285
1020,"'DANUBIO, 002519 (1021)'",4.538582432352941,-74.11499185588235
1021,"'CHICO NORTE II SECTOR, 008301 (1022)'",4.67962821978022,-74.04409329670331
1022,"'EL REAL, 005604 (1023)'",4.6817755454545456,-74.10266695454546
1023,"'TERMINAL DE TRANSPORTES, 006319 (1024)'",4.6550247916666665,-74.114790625
1024,"'EL PEDREGAL II, 002640 (1025)'",4.520487408396946,-74.11052783969465
1025,"'LA CITA, 008504 (1026)'",4.742643398373985,-74.01861450406506
1026,"'SALITRE OCCIDENTAL, 006313 (1027)'",4.65277346875,-74.10850803125
1027,"'RAFAEL URIBE, 007312 (1028)'",4.655225937500001,-74.06796575000001
1028,"'LA TRINIDAD, 004306 (1029)'",4.624199277777778,-74.11902622222222
1029,"'LA FISCALA NORTE, 002597 (1030)'",4.536982554216868,-74.11254625301206
1030,"'TIBABUYES II, 009248 (1031)'",4.756887607843137,-74.1185576
1031,"'EL TESORO, 002547 (1032)'",4.5369520430622,-74.14852047368421
1032,"'POTOSI, 002431 (1033)'",4.569338142201835,-74.16993868348624
1033,"'ALTOS DE CHOZICA, 009222 (1034)'",4.731221231527093,-74.08343155172415
1034,"'CAMPIN, 007201 (1035)'",4.647762978260869,-74.07533639130433
1035,"'CIUDADELA COLSUBSIDIO, 005650 (1036)'",4.731368764542936,-74.1120577700831
1036,"'COMUNEROS, 002543 (1037)'",4.497927151260505,-74.1088266554622
1037,"'ARBORIZADORA BAJA, 002432 (1038)'",4.575631267409471,-74.14536918384401
1038,"'TIMIZA B, 004530 (1039)'",4.611520316831684,-74.15776824752476
1039,"'LAS ACACIAS RURAL, 205225 (1040)'",4.6513545263157905,-74.17913210526315
1040,"'EL GACO, 005669 (1041)'",4.722469646017698,-74.13931062831858
1041,"'CIUDAD BOLIVAR RURAL III, 104118 (1042)'",4.556631469767442,-74.16093803720929
1042,"'SAN FELIPE DE USME, 002621 (1043)'",4.5020105416666665,-74.09926979687499
1043,"'LOS ALPES, 001312 (1044)'",4.55520787745098,-74.08220130392158
1044,"'EL CEDRO, 005629 (1045)'",4.706978215909091,-74.115486625
1045,"'EL TRIANGULO, 201302 (1046)'",4.565104818181818,-74.07546087542087
1046,"'VENECIA, 002404 (1047)'",4.591081685714287,-74.13929081428572
1047,"'ESCUELA MILITAR, 005310 (1048)'",4.681093487179488,-74.07227783333333
1048,"'GRANADA SUR, 001301 (1049)'",4.568320341085272,-74.09102894186046
1049,"'VENECIA OCCIDENTAL, 002403 (1050)'",4.590278063492065,-74.14292200000001
1050,"'ESCUELA GENERAL SANTANDER, 002405 (1051)'",4.588509943037974,-74.13415079746835
1051,"'SANTA ANA, 008408 (1052)'",4.686586169435216,-74.03108723255814
1052,"'EL RUBI, 004536 (1053)'",4.607808259887006,-74.17638455367232
1053,"'LA REQUILINA, 002632 (1054)'",4.479054609170305,-74.11985485807858
1054,"'SANTA CECILIA, 207801 (1055)'",4.738975735159818,-74.12851225114156
1055,"'TIBAQUE I, 201306 (1056)'",4.559410799999999,-74.07482951111109
1056,"'EL REFUGIO I, 002617 (1057)'",4.488815967999999,-74.09763018399998
1057,"'SAN VICENTE FERRER, 002402 (1058)'",4.583593090909092,-74.14017301298699
1058,"'EGIPTO, 003105 (1059)'",4.5948736477987415,-74.06937147798743
1059,"'ESPARTILLAL, 008312 (1060)'",4.6636110666666655,-74.05631873333336
1060,"'EL NOGAL, 008311 (1061)'",4.66212325,-74.052199625
1061,"'CALVO SUR, 001210 (1062)'",4.585076788461539,-74.08384317307691
1062,"'EL BOSQUE CENTRAL, 102406 (1063)'",4.5044086305732485,-74.09842026751593
1063,"'JIMENEZ DE QUESADA, 004523 (1064)'",4.60469540625,-74.184813375
1064,"'TUNAL ORIENTAL, 002401 (1065)'",4.574644776470588,-74.1315123
1065,"'GINEBRA, 008405 (1066)'",4.710419329670331,-74.027051989011
1066,"'LA ORQUIDEA DE USME, 002614 (1067)'",4.495126516483517,-74.10690914285715
1067,"'NIZA SUR, 009109 (1068)'",4.7056652521008395,-74.07593233613447
1068,"'LA ANDREA, 002524 (1069)'",4.512185335616438,-74.1107061849315
1069,"'OSORIO X URBANO, 004616 (1070)'",4.641426150684931,-74.1850380890411
1070,"'SAN CRISTOBAL NORTE, 008505 (1071)'",4.738730234042554,-74.02507948936172
1071,"'ESTRELLA DEL NORTE, 008519 (1072)'",4.7385605106382975,-74.04217719148937
1072,"'EL BOSQUE SUR ORIENTAL RURAL II, 102309 (1073)'",4.4758280459770114,-74.08077269885057
1073,"'TIBABUYES, 009257 (1074)'",4.735532619318182,-74.11180717897727
1074,"'EL NUEVO PORTAL, 002616 (1075)'",4.493015056603774,-74.1021077264151
1075,"'CHIGUAZA RURAL, 101308 (1076)'",4.525774259259259,-74.08419244444444
1076,"'EL DORADO, 005664 (1077)'",4.735947670623146,-74.1216683768546
1077,"'LA ESTRADA, 005502 (1078)'",4.677834606060606,-74.09336636363635
1078,"'SANTA CECILIA, 009256 (1079)'",4.740214160714286,-74.12806420535715
1079,"'SANTA ROSA BAJA, 103103 (1080)'",4.196439334231806,-74.19214923450134
1080,"'LA PRIMAVERA I, 002443 (1081)'",4.590207137931034,-74.17410555172413
1081,"'EL PINAR, 001324 (1082)'",4.5363804666666665,-74.08793344
1082,"'MONTES, 004204 (1083)'",4.611917477777778,-74.1153929037037
1083,"'SAN ANTONIO DEL MIRADOR, 002451 (1084)'",4.581385685393259,-74.17309896629213
1084,"'AUTOPISTA SUR, 004404 (1085)'",4.596881495652173,-74.12619608695654
1085,"'SAN CAYETANO, 009230 (1086)'",4.72613044,-74.09765227333334
1086,"'CHICO SUR, 004595 (1087)'",4.623401649484536,-74.19437497938145
1087,"'LA CAROLINA DE SUBA, 009236 (1088)'",4.727620771084337,-74.1051158433735
1088,"'ARBOLEDA SANTA TERESITA, 001362 (1089)'",4.527792475247525,-74.08587496039604
1089,"'SAN JOSE DEL PRADO, 009106 (1090)'",4.724038957854407,-74.06237511877393
1090,"'PARQUE POPULAR SALITRE, 005115 (1091)'",4.668119081081081,-74.08879179729729
1091,"'USATAMA, 006110 (1092)'",4.621773843750001,-74.0833645
1092,"'ESTRELLA, 007106 (1093)'",4.62301146875,-74.0772495625
1093,"'MOCHUELO ALTO URBANO, 204131 (1094)'",4.48892128358209,-74.14831965671642
1094,"'MADELENA, 002415 (1095)'",4.591618955555555,-74.15602124444445
1095,"'MODELO SUR, 001209 (1096)'",4.58631235,-74.08469571666666
1096,"'LA HORTUA, 001208 (1097)'",4.589792032679739,-74.08807633333333
1097,"'LOS ARRAYANES, 102401 (1098)'",4.494709995402299,-74.08680773563218
1098,"'TIMIZA C, 004581 (1099)'",4.614230113207547,-74.15833105660377
1099,"'PERDOMO ALTO, 002450 (1100)'",4.58635247311828,-74.16720725806451
1100,"'JORGE GAITAN CORTES, 004210 (1101)'",4.60616668115942,-74.11252985507247
1101,"'LA ESTRADITA, 005504 (1102)'",4.671859095238094,-74.09255795238096
1102,"'BOCHICA, 004211 (1103)'",4.604081862068965,-74.10696573563219
1103,"'EL PENON DEL CORTIJO, 002433 (1104)'",4.584486514170042,-74.16641685020244
1104,"'CLASS, 004535 (1105)'",4.615274756097561,-74.17889436585365
1105,"'BELEN, 003204 (1106)'",4.591510456521739,-74.07259097826086
1106,"'PARAMO URBANO I, 008420 (1107)'",4.703785678787878,-74.02294083030303
1107,"'ENGATIVA EL DORADO, 106301 (1108)'",4.72529083625731,-74.13133729824561
1108,"'JUAN JOSE RONDON I, 001336 (1109)'",4.498466256756757,-74.08647240540542
1109,"'MONACO, 009111 (1110)'",4.69858685510204,-74.06050390816327
1110,"'SANTA TERESA DE SUBA, 009238 (1111)'",4.72117212962963,-74.09916872685186
1111,"'EDUARDO FREY, 002301 (1112)'",4.591151373493976,-74.11637156024096
1112,"'CEDRITOS DEL SUR, 002574 (1113)'",4.540270673267326,-74.14582042574257
1113,"'NUEVO MUZU, 002409 (1114)'",4.587132953216375,-74.14932815204678
1114,"'LA VALVANERA, 002455 (1115)'",4.590672269230769,-74.16531934615384
1115,"'PRIMAVERA, 005617 (1116)'",4.709719023255814,-74.1014979767442
1116,"'BELLA SUIZA, 008404 (1117)'",4.706465986666666,-74.02964680666666
1117,"'LA CABANA FONTIBON, 006402 (1118)'",4.68278574,-74.13871501999999
1118,"'BOSQUE DE LOS ALPES, 001339 (1119)'",4.549528230337079,-74.08410362359551
1119,"'GUADALUPE, 004563 (1120)'",4.59693634939759,-74.1526731445783
1120,"'EL RETAZO, 004533 (1121)'",4.607300561797753,-74.19492985393259
1121,"'PROVIVIENDA, 004504 (1122)'",4.608822931818182,-74.13646213636365
1122,"'CIUDAD JARDIN NORTE, 009108 (1123)'",4.7224112241379315,-74.07213934482758
1123,"'EL CEDRO, 005662 (1124)'",4.71857567114094,-74.147094147651
1124,"'VILLA ALCAZAR, 009263 (1125)'",4.72322363768116,-74.08499855072462
1125,"'BOLIVIA ORIENTAL, 005640 (1126)'",4.720564977777777,-74.10782172222223
1126,"'SANTA ROSA, 005402 (1127)'",4.6945237627906975,-74.08150546976745
1127,"'JOSE JOAQUIN VARGAS, 005101 (1128)'",4.670860864864864,-74.08699524324325
1128,"'QUINTA PAREDES, 006209 (1129)'",4.635886292682927,-74.09424604878048
1129,"'EL EJIDO, 006206 (1130)'",4.625266862068966,-74.10088286206896
1130,"'LOS ALAMOS, 005626 (1131)'",4.688033894117647,-74.11729627058823
1131,"'JUAN REY (LA PAZ), 001325 (1132)'",4.523274219626169,-74.08906195327103
1132,"'PARAMO III RURAL, 108114 (1133)'",4.681109864864865,-74.02755752895753
1133,"'MARANDU, 005665 (1134)'",4.707356142857144,-74.13280797278912
1134,"'LAGUNITAS URBANO, 002595 (1135)'",4.50832564021164,-74.14681507407407
1135,"'MUZU, 002413 (1136)'",4.578862176733781,-74.14555041163311
1136,"'BOLONIA, 002605 (1137)'",4.509152458620689,-74.10042994482758
1137,"'GUACAMAYAS III, 001354 (1138)'",4.55828265942029,-74.10033570289856
1138,"'LA BELLEZA, 001338 (1139)'",4.531434923766816,-74.09246084753363
1139,"'EL PARAISO, 008110 (1140)'",4.627573563758389,-74.05973751677853
1140,"'ALMIRANTE COLON, 009218 (1141)'",4.717995879003559,-74.08867100355872
1141,"'LOS TRES REYES, 002446 (1142)'",4.5892544285714285,-74.17989815126053
1142,"'CENTRAL DE MEZCLAS, 002562 (1143)'",4.54899235451505,-74.13242877257524
1143,"'PRIMAVERA II, 002428 (1144)'",4.592966591836735,-74.18060342176871
1144,"'JUAN JOSE RONDON, 002557 (1145)'",4.563328391025641,-74.15281693589743
1145,"'SAN DIEGO-BOSA, 004513 (1146)'",4.613127190140846,-74.21106392957745
1146,"'CIUDAD BOLIVAR, 002453 (1147)'",4.561480937716262,-74.17168965397923
1147,"'SAN FRANCISCO, 002515 (1148)'",4.5632375869565225,-74.14977784057972
1148,"'MARIA CRISTINA, 008205 (1149)'",4.643172745967742,-74.05480183467743
1149,"'CHIGUAZA URBANO, 001358 (1150)'",4.535179663265307,-74.08163265306122
1150,"'IBERIA, 009115 (1151)'",4.726596742358078,-74.0685209344978
1151,"'LOS CEREZOS, 005616 (1152)'",4.7106718415841575,-74.09669602970295
1152,"'VILLA LUZ, 005614 (1153)'",4.686283378378379,-74.10772891891892
1153,"'SIBERIA, 008221 (1154)'",4.631374370370371,-74.05782777777777
1154,"'NORMANDIA OCCIDENTAL, 005606 (1155)'",4.675629738095238,-74.10892033333334
1155,"'LA SERENA, 005613 (1156)'",4.70956409090909,-74.09125783746556
1156,"'LA GRANJA, 005610 (1157)'",4.698492382352941,-74.09646223529413
1157,"'NIZA SUBA, 009112 (1158)'",4.723188792079208,-74.07797299999997
1158,"'SIBERIA  II, 201503 (1159)'",4.631793071428571,-74.05857746428572
1159,"'FLORIDA BLANCA, 005621 (1160)'",4.695928249999999,-74.11475796666667
